-- MySQL dump 10.13  Distrib 8.0.30, for Win64 (x86_64)
--
-- Host: localhost    Database: graduation
-- ------------------------------------------------------
-- Server version	8.0.30

/*!40101 SET @OLD_CHARACTER_SET_CLIENT=@@CHARACTER_SET_CLIENT */;
/*!40101 SET @OLD_CHARACTER_SET_RESULTS=@@CHARACTER_SET_RESULTS */;
/*!40101 SET @OLD_COLLATION_CONNECTION=@@COLLATION_CONNECTION */;
/*!50503 SET NAMES utf8 */;
/*!40103 SET @OLD_TIME_ZONE=@@TIME_ZONE */;
/*!40103 SET TIME_ZONE='+00:00' */;
/*!40014 SET @OLD_UNIQUE_CHECKS=@@UNIQUE_CHECKS, UNIQUE_CHECKS=0 */;
/*!40014 SET @OLD_FOREIGN_KEY_CHECKS=@@FOREIGN_KEY_CHECKS, FOREIGN_KEY_CHECKS=0 */;
/*!40101 SET @OLD_SQL_MODE=@@SQL_MODE, SQL_MODE='NO_AUTO_VALUE_ON_ZERO' */;
/*!40111 SET @OLD_SQL_NOTES=@@SQL_NOTES, SQL_NOTES=0 */;

--
-- Table structure for table `accessory`
--

DROP TABLE IF EXISTS `accessory`;
/*!40101 SET @saved_cs_client     = @@character_set_client */;
/*!50503 SET character_set_client = utf8mb4 */;
CREATE TABLE `accessory` (
  `access_id` bigint NOT NULL,
  `brand` varchar(255) DEFAULT NULL,
  `compatible` varchar(255) DEFAULT NULL,
  `how_to_connect` varchar(255) DEFAULT NULL,
  `made_in` varchar(255) DEFAULT NULL,
  `manufacturer` varchar(255) DEFAULT NULL,
  `resolution` varchar(255) DEFAULT NULL,
  `type_pin` varchar(255) DEFAULT NULL,
  `weight` varchar(255) DEFAULT NULL,
  `wire_length` varchar(255) DEFAULT NULL,
  PRIMARY KEY (`access_id`),
  CONSTRAINT `FKec6prsilb4pgcri75m30jyo91` FOREIGN KEY (`access_id`) REFERENCES `product` (`p_id`)
) ENGINE=InnoDB DEFAULT CHARSET=utf8mb4 COLLATE=utf8mb4_0900_ai_ci;
/*!40101 SET character_set_client = @saved_cs_client */;

--
-- Dumping data for table `accessory`
--

LOCK TABLES `accessory` WRITE;
/*!40000 ALTER TABLE `accessory` DISABLE KEYS */;
INSERT INTO `accessory` VALUES (103,'Trung Quốc','Windows','Đầu thu USB ReceiverDây cắm USB','Trung Quốc','Rapoo.','19000 DPI','Pin sạc','113 g','Dây dài 180 cm, khoảng cách kết nối 10 m (với đầu thu USB)'),(112,'Thụy Sĩ','macOS (MacBook, iMac)Windows','Đầu thu USB ReceiverBluetooth','Trung Quốc','Logitech. ','4000 DPI','1 viên pin AA','137 g (bao gồm hộp)','10 m'),(339,'Mỹ','macOS (MacBook, iMac)','Bluetooth','Việt Nam/Trung Quốc (tùy lô hàng)','Apple.','1500 DPI','Pin sạc','80 g','10 m'),(347,'Trung Quốc','macOS (MacBook, iMac)Windows','Đầu thu USB ReceiverBluetooth','Trung Quốc','Rapoo','1300 DPI','1 viên pin AA','60 g (bao gồm hộp)','10 m'),(541,'Trung Quốc','Windows','Đầu thu USB Receiver, Dây cắm USB','Trung Quốc','Rapoo.','26000 DPI','Pin sạc','113 g','Dây dài 180 cm, khoảng cách kết nối 10 m (với đầu thu USB)'),(542,'Trung Quốc','macOS (MacBook, iMac), Windows','Dây cắm USB','Trung Quốc','Rapoo.','6200 DPI','RapooGameDevDriver','130 g','Dây dài 180 cm');
/*!40000 ALTER TABLE `accessory` ENABLE KEYS */;
UNLOCK TABLES;

--
-- Table structure for table `cart`
--

DROP TABLE IF EXISTS `cart`;
/*!40101 SET @saved_cs_client     = @@character_set_client */;
/*!50503 SET character_set_client = utf8mb4 */;
CREATE TABLE `cart` (
  `cart_id` bigint NOT NULL,
  `product_p_id` bigint DEFAULT NULL,
  `user_userid` bigint DEFAULT NULL,
  `quantity` int DEFAULT NULL,
  PRIMARY KEY (`cart_id`),
  KEY `FKbltkhlcrf12y3itg5ywewk2d1` (`product_p_id`),
  KEY `FK1kuttc1wgd8sm3ewq3qbxoaif` (`user_userid`),
  CONSTRAINT `FK1kuttc1wgd8sm3ewq3qbxoaif` FOREIGN KEY (`user_userid`) REFERENCES `user` (`userid`),
  CONSTRAINT `FKbltkhlcrf12y3itg5ywewk2d1` FOREIGN KEY (`product_p_id`) REFERENCES `product` (`p_id`)
) ENGINE=InnoDB DEFAULT CHARSET=utf8mb4 COLLATE=utf8mb4_0900_ai_ci;
/*!40101 SET character_set_client = @saved_cs_client */;

--
-- Dumping data for table `cart`
--

LOCK TABLES `cart` WRITE;
/*!40000 ALTER TABLE `cart` DISABLE KEYS */;
INSERT INTO `cart` VALUES (153,92,146,1),(202,80,192,1),(373,331,359,1),(438,88,36,1),(453,182,313,2),(454,68,313,1),(464,116,457,1),(515,80,457,1),(675,545,473,1),(676,544,473,1);
/*!40000 ALTER TABLE `cart` ENABLE KEYS */;
UNLOCK TABLES;

--
-- Table structure for table `category`
--

DROP TABLE IF EXISTS `category`;
/*!40101 SET @saved_cs_client     = @@character_set_client */;
/*!50503 SET character_set_client = utf8mb4 */;
CREATE TABLE `category` (
  `cate_id` bigint NOT NULL,
  `title` varchar(255) DEFAULT NULL,
  PRIMARY KEY (`cate_id`)
) ENGINE=InnoDB DEFAULT CHARSET=utf8mb4 COLLATE=utf8mb4_0900_ai_ci;
/*!40101 SET character_set_client = @saved_cs_client */;

--
-- Dumping data for table `category`
--

LOCK TABLES `category` WRITE;
/*!40000 ALTER TABLE `category` DISABLE KEYS */;
INSERT INTO `category` VALUES (39,'Laptop'),(40,'SmartPhone'),(41,'Accessory');
/*!40000 ALTER TABLE `category` ENABLE KEYS */;
UNLOCK TABLES;

--
-- Table structure for table `comment`
--

DROP TABLE IF EXISTS `comment`;
/*!40101 SET @saved_cs_client     = @@character_set_client */;
/*!50503 SET character_set_client = utf8mb4 */;
CREATE TABLE `comment` (
  `com_id` bigint NOT NULL,
  `content` varchar(10000) DEFAULT NULL,
  `date` datetime(6) DEFAULT NULL,
  `product_p_id` bigint DEFAULT NULL,
  `user_userid` bigint DEFAULT NULL,
  PRIMARY KEY (`com_id`),
  KEY `FKh9anoor963w39934ra8mw2v2v` (`product_p_id`),
  KEY `FKadj4qilhese24vpbx8b1bf6v4` (`user_userid`),
  CONSTRAINT `FKadj4qilhese24vpbx8b1bf6v4` FOREIGN KEY (`user_userid`) REFERENCES `user` (`userid`),
  CONSTRAINT `FKh9anoor963w39934ra8mw2v2v` FOREIGN KEY (`product_p_id`) REFERENCES `product` (`p_id`)
) ENGINE=InnoDB DEFAULT CHARSET=utf8mb4 COLLATE=utf8mb4_0900_ai_ci;
/*!40101 SET character_set_client = @saved_cs_client */;

--
-- Dumping data for table `comment`
--

LOCK TABLES `comment` WRITE;
/*!40000 ALTER TABLE `comment` DISABLE KEYS */;
INSERT INTO `comment` VALUES (142,'san pham con hang ko vay?','2023-10-25 00:00:20.170000',68,36),(143,'Sản phẩm này có hàng ở đà nẵng ko vậy?','2023-10-25 21:16:43.135000',88,36),(203,'demo','2023-11-08 09:10:03.487000',80,192),(514,'Sản phẩm này còn hàng ko?','2023-12-05 10:04:25.491000',68,457),(570,'demo','2023-12-17 15:11:50.292000',68,146),(622,'binh luân','2023-12-19 21:48:04.550000',547,473),(631,'san pham con hang ko?\n','2023-12-20 09:54:55.488000',116,473),(643,'binh luan','2023-12-20 10:26:13.138000',182,473),(674,'demo','2024-01-09 14:35:21.035000',546,473);
/*!40000 ALTER TABLE `comment` ENABLE KEYS */;
UNLOCK TABLES;

--
-- Table structure for table `hibernate_sequence`
--

DROP TABLE IF EXISTS `hibernate_sequence`;
/*!40101 SET @saved_cs_client     = @@character_set_client */;
/*!50503 SET character_set_client = utf8mb4 */;
CREATE TABLE `hibernate_sequence` (
  `next_val` bigint DEFAULT NULL
) ENGINE=InnoDB DEFAULT CHARSET=utf8mb4 COLLATE=utf8mb4_0900_ai_ci;
/*!40101 SET character_set_client = @saved_cs_client */;

--
-- Dumping data for table `hibernate_sequence`
--

LOCK TABLES `hibernate_sequence` WRITE;
/*!40000 ALTER TABLE `hibernate_sequence` DISABLE KEYS */;
INSERT INTO `hibernate_sequence` VALUES (677);
/*!40000 ALTER TABLE `hibernate_sequence` ENABLE KEYS */;
UNLOCK TABLES;

--
-- Table structure for table `laptop`
--

DROP TABLE IF EXISTS `laptop`;
/*!40101 SET @saved_cs_client     = @@character_set_client */;
/*!50503 SET character_set_client = utf8mb4 */;
CREATE TABLE `laptop` (
  `laptop_id` bigint NOT NULL,
  `connector` varchar(255) DEFAULT NULL,
  `cpu` varchar(255) DEFAULT NULL,
  `design` varchar(255) DEFAULT NULL,
  `graphic` varchar(255) DEFAULT NULL,
  `hard_drive` varchar(255) DEFAULT NULL,
  `operating_system` varchar(255) DEFAULT NULL,
  `ram` varchar(255) DEFAULT NULL,
  `release_time` varchar(255) DEFAULT NULL,
  `screen` varchar(255) DEFAULT NULL,
  `size_mass` varchar(255) DEFAULT NULL,
  `special` varchar(255) DEFAULT NULL,
  PRIMARY KEY (`laptop_id`),
  CONSTRAINT `FKidb22k0obm8sdnp4ee1c35ucv` FOREIGN KEY (`laptop_id`) REFERENCES `product` (`p_id`)
) ENGINE=InnoDB DEFAULT CHARSET=utf8mb4 COLLATE=utf8mb4_0900_ai_ci;
/*!40101 SET character_set_client = @saved_cs_client */;

--
-- Dumping data for table `laptop`
--

LOCK TABLES `laptop` WRITE;
/*!40000 ALTER TABLE `laptop` DISABLE KEYS */;
INSERT INTO `laptop` VALUES (68,'2 x Thunderbolt 3 (USB-C)Jack tai nghe 3.5 mm','Apple M1','Vỏ kim loại nguyên khối','Card tích hợp7 nhân GPU','256 GB SSD','Mac OS','8 GB','2020','13.3\"Retina (2560 x 1600)','Dài 304.1 mm - Rộng 212.4 mm - Dày 4.1 mm đến 16.1 mm - Nặng 1.29 kg','Có đèn bàn phím'),(80,'2 x Thunderbolt 3, Jack tai nghe 3.5 mmMagSafe 3','Apple M2, 100GB/s','Vỏ kim loại','Card tích hợp, 8 nhân GPU','256 GB SSD','Mac OS','8 GB','6/2022','13.6\", Liquid Retina (2560 x 1664)','Dài 304.1 mm - Rộng 215 mm - Dày 11.3 mm - Nặng 1.24 kg','Có đèn bàn phím'),(99,'Thunderbolt 32 x Thunderbolt 3 / USB 4 (lên đến 40 Gb/s)Jack tai nghe 3.5 mmMagSafe 3','Apple M2, 100GB/s','Vỏ kim loại','Card tích hợp, 10 nhân GPU','256 GB SSD','Mac OS','8 GB','06/2023','15.3\", Liquid Retina (2880 x 1864)','Dài 340.4 mm - Rộng 237.6 mm - Dày 11.5 mm - Nặng 1.51 kg','Có đèn bàn phím'),(116,'1 x Thunderbolt 4 (hỗ trợ Power Delivery 3.0 và DisplayPort 1.4)Jack tai nghe 3.5 mmUSB-C 3.2 Gen 1 (support data transfer and Power Delivery 3.0)1 x USB-C 3.2 Gen 1 (hỗ trợ truyền dữ liệu và Always On)','i71165G72.8GHz','Mặt trên Magie Nhôm - Mặt dưới vải nhựa','Card tích hợpIntel Iris Xe','1 TB SSD','Windows 11 Home SL','16 GBDDR4 (Onboard)3200 MHz','2022','13\"WQHD (2160x1350)','Dài 297.4 mm - Rộng 207.4 mm - Dày 9.19 mm - Nặng 1.168 kg','Có màn hình cảm ứngCó đèn bàn phím'),(178,'Thunderbolt 4HDMILAN (RJ45)Jack tai nghe 3.5 mm2 x USB 3.21x USB 3.2 Gen 2 Type-C support DisplayPort / power delivery / G-SYNC','i512450H2GHz','Vỏ nhựa','Card rờiRTX 3050 4GB','512 GB SSD NVMe PCIe (Có thể tháo ra, lắp thanh khác tối đa 1 TB)Hỗ trợ thêm 1 khe cắm SSD M.2 PCIe mở rộng (nâng cấp tối đa 1 TB)','Windows 11 Home SL','8 GBDDR5 2 khe (1 khe 8 GB + 1 khe trống)4800 MHz','2022','15.6\"Full HD (1920 x 1080) 144Hz','Dài 354 mm - Rộng 251 mm - Dày 20.7 mm - Nặng 2 kg','Có đèn bàn phím'),(182,'HDMILAN (RJ45)USB 2.0Jack tai nghe 3.5 mm2 x USB 3.21x USB 3.2 Gen 2 Type-C support DisplayPort / power delivery / G-SYNC','i510300H2.5GHz','Vỏ nhựa','Card rờiGTX 1650 4GB','512 GB SSD NVMe PCIe (Có thể tháo ra, lắp thanh khác tối đa 1 TB)','Windows 11 Home SL','8 GBDDR4 2 khe (1 khe 8 GB + 1 khe rời)2933 MHz','2021','15.6\"Full HD (1920 x 1080) 144Hz','Dài 359 mm - Rộng 256 mm - Dày 24.9 mm - Nặng 2.3 kg','Có đèn bàn phím'),(186,'Jack tai nghe 3.5 mm2 x Thunderbolt 41 x USB 3.2HDMI','i71260P2.1GHz','Vỏ kim loại','Card tích hợpIntel Iris Xe','512 GB SSD NVMe PCIe','Windows 11 Home SL','16 GBLPDDR5 (Onboard)4800 MHz','2022','14\"2.8K (2880 x 1800) - OLED 16:1090Hz','Dài 313.6 mm - Rộng 220.6 mm - Dày 16.9 mm - Nặng 1.39 kg','Có đèn bàn phím'),(270,'HDMIJack tai nghe 3.5 mm2 x USB 3.2USB Type-C (Power Delivery and DisplayPort)','i71255U1.7GHz','Vỏ kim loại','Card tích hợpIntel UHD','512 GB SSD NVMe PCIe','Windows 11 Home SL + Office Home & Student vĩnh viễn','8 GBDDR4 2 khe (1 khe 8 GB + 1 khe rời)3200 MHz','2022','16\"Full HD+ (1920 x 1200)','Dài 356.7 mm - Rộng 251.9 mm - Dày 17.95 mm - Nặng 1.87 kg','Có đèn bàn phím'),(274,'HDMILAN (RJ45)USB 2.0Jack tai nghe 3.5 mm2 x USB 3.2 / 1 x USB 3.2 và 1 x USB Type-C (Tuỳ thuộc vào lô hàng)','i51135G72.4GHz','Vỏ nhựa','Card rời MX350 2GB','512 GB SSD NVMe PCIe (Có thể tháo ra, lắp thanh khác tối đa 2 TB (2280) / 1 TB (2230))Hỗ trợ khe cắm HDD SATA (nâng cấp tối đa 2 TB)','Windows 11 Home SL + Office Home & Student vĩnh viễn','8 GBDDR4 2 khe (1 khe 8 GB + 1 khe rời)3200 MHz','2021','15.6\"Full HD (1920 x 1080)','Dài 358.5 mm - Rộng 235.5 mm - Dày 18.9 mm - Nặng 1.69 kg','Có đèn bàn phím'),(278,'1 x Thunderbolt 4 (hỗ trợ Power Delivery 3.0 và DisplayPort 1.4)HDMILAN (RJ45)Jack tai nghe 3.5 mm2 x USB 3.2','i512500H2.5GHz','Vỏ nhựa','Card rờiRTX 3050 4GB','512 GB SSD NVMe PCIe (Có thể tháo ra, lắp thanh khác tối đa 1 TB)','Windows 11 Home SL','8 GBDDR4 2 khe (1 khe 8 GB + 1 khe rời)3200 MHz','2022','15.6\"Full HD (1920 x 1080) 120Hz','Dài 359.6 mm - Rộng 266.4 mm - Dày 21.8 mm - Nặng 2.315 kg','Có đèn bàn phím'),(331,'1 x Thunderbolt 4 (hỗ trợ DisplayPort)HDMILAN (RJ45)3 x USB 3.2Jack tai nghe 3.5 mm','i5, 11400H, 2.7GHz','Vỏ nhựa','Card rời, RTX 3050 4GB','Hỗ trợ thêm 1 khe cắm SSD M.2 PCIe mở rộng (nâng cấp tối đa 1 TB)512 GB SSD NVMe PCIe','Windows 11 Home SL','16 GBDDR4 2 khe (1 khe 8 GB + 1 khe 8 GB)3200 MHz','2022','15.6\", Full HD (1920 x 1080) 144Hz','Dài 359 mm - Rộng 256 mm - Dày 22.8 ~ 24.5 mm - Nặng 2.3 kg','Có đèn bàn phím'),(335,'1 x USB Type-C (chỉ hỗ trợ Power Delivery)HDMI1 x USB 2.02 x USB 3.2Jack tai nghe 3.5 mm','i5, 1335U, 1.3GHz','Vỏ nhựa','Card tích hợp, Intel Iris Xe','512 GB SSD NVMe PCIe','Windows 11 Home SL','16 GBDDR4 2 khe (8 GB onboard + 1 khe 8 GB)3200 MHz','2023','16\", WUXGA (1920 x 1200)','Dài 358.7 mm - Rộng 249.5 mm - Dày 19.9 mm - Nặng 1.88 kg','Có đèn bàn phím'),(537,'1 x Thunderbolt 4 (hỗ trợ DisplayPort)1 x USB-C 3.2 Gen 1 (hỗ trợ truyền dữ liệu và Always On)Jack tai nghe 3.5 mm1 x USB-C 3.2 Gen 1 (hỗ trợ truyền dữ liệu và Power Delivery 3.0)','i5, 1135G7, 2.4GHz','Mặt trên Magie Nhôm - Mặt dưới vải nhựa','Card tích hợp, Intel Iris Xe','512 GB SSD NVMe PCIe (Có thể tháo ra, lắp thanh khác tối đa 1 TB)','Windows 11 Home SL','8 GB, DDR4 (Onboard)3200 MHz','2022','13\", WQHD (2160x1350)','Dài 297.4 mm - Rộng 207.4 mm - Dày 9.19 mm - Nặng 1.168 kg','Có màn hình cảm ứng, Có đèn bàn phím'),(539,'1 x Thunderbolt 4 (hỗ trợ Power Delivery 3.0 và DisplayPort 1.4)HDMILAN (RJ45)1 x USB 2.01 x USB 3.2Jack tai nghe 3.5 mm','i7, 1260P, 2.1GHz','Vỏ nhựa - nắp lưng bằng kim loại','Card tích hợp, Intel Iris Xe','Hỗ trợ thêm 1 khe cắm SSD M.2 PCIe mở rộng (nâng cấp tối đa 1 TB)512 GB SSD NVMe PCIe (Có thể tháo ra, lắp thanh khác tối đa 1 TB)','Windows 11 Home SL','16 GB, DDR4 2 khe (8 GB onboard + 1 khe 8 GB)3200 MHz','2022','15.6\", Full HD (1920 x 1080)','Dài 365 mm - Rộng 240 mm - Dày 18.9 mm - Nặng 1.7 kg','Có đèn bàn phím'),(543,'2 x Thunderbolt 4 (hỗ trợ Power Delivery)HDMI1 x USB 3.2Jack tai nghe 3.5 mm','i5, 1335U, 1.3GHz','Vỏ kim loại - Nhôm','Card tích hợp, Intel Iris Xe','512 GB SSD NVMe PCIe (Có thể tháo ra, lắp thanh khác tối đa 2 TB)','Windows 11 Home SL + Office Home & Student vĩnh viễn','8 GB, LPDDR5 (Onboard)4800 MHz','2023','14\", Full HD+ (1920 x 1200)','Dài 314 mm - Rộng 226.56 mm - Dày 18.55 mm - Nặng 1.58 kg','Có màn hình cảm ứng, Có đèn bàn phím'),(544,'2 x Thunderbolt 4 (hỗ trợ truyền dữ liệu, Power Delivery 3.0 and DisplayPort 1.4)HDMI1 x USB 3.2 (Always on)Jack tai nghe 3.5 mm','i7, 1360P, 2.2GHz','Vỏ kim loại','Card tích hợp, Intel Iris Xe','512 GB SSD NVMe PCIe 4.0 (Có thể tháo ra, lắp thanh khác tối đa 1 TB)','Windows 11 Home SL + Office Home & Student vĩnh viễn','16 GB, LPDDR5 (Onboard)5200 MHz','2023','14\", WUXGA (1920 x 1200) - OLED','Dài 317.87 mm - Rộng 222.5 mm - Dày 16.49 mm - Nặng 1.49 kg','Có màn hình cảm ứng, Có đèn bàn phím'),(545,'2 x Thunderbolt 3Jack tai nghe 3.5 mmMagSafe 3','Apple M2, 100GB/s','Vỏ kim loại','Card tích hợp, 8 nhân GPU','256 GB SSD','macOS','8 GB','6/2022','13.6\", Liquid Retina (2560 x 1664)','Dài 304.1 mm - Rộng 215 mm - Dày 11.3 mm - Nặng 1.24 kg','Có đèn bàn phím');
/*!40000 ALTER TABLE `laptop` ENABLE KEYS */;
UNLOCK TABLES;

--
-- Table structure for table `manufacturer`
--

DROP TABLE IF EXISTS `manufacturer`;
/*!40101 SET @saved_cs_client     = @@character_set_client */;
/*!50503 SET character_set_client = utf8mb4 */;
CREATE TABLE `manufacturer` (
  `manu_id` bigint NOT NULL,
  `title` varchar(255) DEFAULT NULL,
  `category_cate_id` bigint DEFAULT NULL,
  `completed` bit(1) DEFAULT NULL,
  PRIMARY KEY (`manu_id`),
  KEY `FKd35ont73q3cjlncljy9pqcqjh` (`category_cate_id`),
  CONSTRAINT `FKd35ont73q3cjlncljy9pqcqjh` FOREIGN KEY (`category_cate_id`) REFERENCES `category` (`cate_id`)
) ENGINE=InnoDB DEFAULT CHARSET=utf8mb4 COLLATE=utf8mb4_0900_ai_ci;
/*!40101 SET character_set_client = @saved_cs_client */;

--
-- Dumping data for table `manufacturer`
--

LOCK TABLES `manufacturer` WRITE;
/*!40000 ALTER TABLE `manufacturer` DISABLE KEYS */;
INSERT INTO `manufacturer` VALUES (45,'Asus',39,_binary '\0'),(46,'iPhone',40,_binary '\0'),(47,'Lenovo',39,_binary '\0'),(48,'Logitech',41,_binary '\0'),(67,'Macbook',39,_binary '\0'),(110,'Rappo',41,_binary '\0'),(251,'Samsung',40,_binary '\0'),(252,'Oppo',40,_binary '\0'),(269,'Dell',39,_binary '\0'),(343,'Apple',41,_binary '\0'),(640,'demo',39,_binary '\0');
/*!40000 ALTER TABLE `manufacturer` ENABLE KEYS */;
UNLOCK TABLES;

--
-- Table structure for table `notifications`
--

DROP TABLE IF EXISTS `notifications`;
/*!40101 SET @saved_cs_client     = @@character_set_client */;
/*!50503 SET character_set_client = utf8mb4 */;
CREATE TABLE `notifications` (
  `id_no` bigint NOT NULL,
  `count` int NOT NULL,
  `date` datetime(6) DEFAULT NULL,
  `product_p_id` bigint DEFAULT NULL,
  PRIMARY KEY (`id_no`),
  KEY `FKq2gcyptl2qjnoljhc5dmphiyu` (`product_p_id`),
  CONSTRAINT `FKq2gcyptl2qjnoljhc5dmphiyu` FOREIGN KEY (`product_p_id`) REFERENCES `product` (`p_id`)
) ENGINE=InnoDB DEFAULT CHARSET=utf8mb4 COLLATE=utf8mb4_0900_ai_ci;
/*!40101 SET character_set_client = @saved_cs_client */;

--
-- Dumping data for table `notifications`
--

LOCK TABLES `notifications` WRITE;
/*!40000 ALTER TABLE `notifications` DISABLE KEYS */;
INSERT INTO `notifications` VALUES (161,0,'2023-11-02 23:08:33.224000',112),(162,0,'2023-11-02 23:08:33.414000',103),(164,0,'2023-11-02 23:11:39.650000',103),(167,0,'2023-11-02 23:12:41.814000',112),(171,0,'2023-11-03 15:10:20.968000',92),(173,0,'2023-11-03 15:15:42.150000',103),(195,0,'2023-11-08 00:09:28.325000',182),(197,0,'2023-11-08 00:10:20.322000',103),(199,0,'2023-11-08 00:11:58.583000',92),(201,0,'2023-11-08 00:13:10.657000',178);
/*!40000 ALTER TABLE `notifications` ENABLE KEYS */;
UNLOCK TABLES;

--
-- Table structure for table `order_detail`
--

DROP TABLE IF EXISTS `order_detail`;
/*!40101 SET @saved_cs_client     = @@character_set_client */;
/*!50503 SET character_set_client = utf8mb4 */;
CREATE TABLE `order_detail` (
  `order_detail_id` bigint NOT NULL,
  `quantity` int NOT NULL,
  `order_id` bigint DEFAULT NULL,
  `product_p_id` bigint DEFAULT NULL,
  `is_reviewed` bit(1) NOT NULL,
  PRIMARY KEY (`order_detail_id`),
  KEY `FK3ab1yaumceu7ibwy4ndlthepv` (`product_p_id`),
  KEY `FKrws2q0si6oyd6il8gqe2aennc` (`order_id`),
  CONSTRAINT `FK3ab1yaumceu7ibwy4ndlthepv` FOREIGN KEY (`product_p_id`) REFERENCES `product` (`p_id`),
  CONSTRAINT `FKrws2q0si6oyd6il8gqe2aennc` FOREIGN KEY (`order_id`) REFERENCES `orders` (`order_id`)
) ENGINE=InnoDB DEFAULT CHARSET=utf8mb4 COLLATE=utf8mb4_0900_ai_ci;
/*!40101 SET character_set_client = @saved_cs_client */;

--
-- Dumping data for table `order_detail`
--

LOCK TABLES `order_detail` WRITE;
/*!40000 ALTER TABLE `order_detail` DISABLE KEYS */;
INSERT INTO `order_detail` VALUES (374,1,375,92,_binary '\0'),(376,3,375,103,_binary '\0'),(377,2,375,112,_binary '\0'),(378,2,375,182,_binary '\0'),(381,1,382,68,_binary '\0'),(383,1,382,88,_binary '\0'),(390,1,391,214,_binary '\0'),(392,1,391,323,_binary '\0'),(398,1,399,218,_binary '\0'),(400,1,399,210,_binary '\0'),(401,4,399,339,_binary '\0'),(402,3,399,347,_binary '\0'),(405,1,406,99,_binary '\0'),(411,1,412,116,_binary '\0'),(413,1,412,68,_binary '\0'),(414,1,412,278,_binary '\0'),(415,4,412,339,_binary '\0'),(420,1,421,261,_binary '\0'),(422,1,421,186,_binary '\0'),(423,1,424,331,_binary '\0'),(433,1,434,274,_binary '\0'),(435,1,434,270,_binary '\0'),(436,1,434,257,_binary '\0'),(442,1,443,178,_binary '\0'),(444,1,443,355,_binary '\0'),(445,1,443,351,_binary '\0'),(451,3,452,339,_binary '\0'),(460,1,461,274,_binary '\0'),(466,1,467,335,_binary '\0'),(469,2,470,68,_binary '\0'),(471,4,470,103,_binary '\0'),(478,1,479,351,_binary ''),(480,1,479,355,_binary '\0'),(481,1,479,331,_binary '\0'),(493,1,494,103,_binary '\0'),(500,5,501,339,_binary '\0'),(502,1,501,186,_binary '\0'),(506,1,507,278,_binary '\0'),(508,1,507,80,_binary '\0'),(511,1,512,92,_binary '\0'),(513,1,512,261,_binary '\0'),(518,1,519,327,_binary '\0'),(523,1,524,274,_binary '\0'),(532,2,533,182,_binary '\0'),(534,1,533,68,_binary '\0'),(561,1,562,547,_binary '\0'),(563,1,562,68,_binary '\0'),(578,1,579,546,_binary '\0'),(580,1,579,214,_binary '\0'),(584,2,585,542,_binary '\0'),(586,2,585,541,_binary '\0'),(588,3,589,112,_binary '\0'),(633,1,634,545,_binary ''),(635,4,634,541,_binary '\0'),(646,1,647,545,_binary '\0'),(648,1,647,178,_binary '\0'),(658,1,659,541,_binary '\0'),(660,1,659,547,_binary '\0'),(661,1,659,257,_binary '\0');
/*!40000 ALTER TABLE `order_detail` ENABLE KEYS */;
UNLOCK TABLES;

--
-- Table structure for table `orders`
--

DROP TABLE IF EXISTS `orders`;
/*!40101 SET @saved_cs_client     = @@character_set_client */;
/*!50503 SET character_set_client = utf8mb4 */;
CREATE TABLE `orders` (
  `order_id` bigint NOT NULL,
  `date_delivered` datetime(6) DEFAULT NULL,
  `note` varchar(255) DEFAULT NULL,
  `order_amount` double DEFAULT NULL,
  `order_contact_number` varchar(255) DEFAULT NULL,
  `order_date` datetime(6) DEFAULT NULL,
  `order_full_name` varchar(255) DEFAULT NULL,
  `order_full_oder` varchar(255) DEFAULT NULL,
  `order_status` varchar(255) DEFAULT NULL,
  `payment_method` varchar(255) DEFAULT NULL,
  `quantity` int DEFAULT NULL,
  `user_userid` bigint DEFAULT NULL,
  PRIMARY KEY (`order_id`),
  KEY `FK4ccl69s4ridbw2x4ufpoanndh` (`user_userid`),
  CONSTRAINT `FK4ccl69s4ridbw2x4ufpoanndh` FOREIGN KEY (`user_userid`) REFERENCES `user` (`userid`)
) ENGINE=InnoDB DEFAULT CHARSET=utf8mb4 COLLATE=utf8mb4_0900_ai_ci;
/*!40101 SET character_set_client = @saved_cs_client */;

--
-- Dumping data for table `orders`
--

LOCK TABLES `orders` WRITE;
/*!40000 ALTER TABLE `orders` DISABLE KEYS */;
INSERT INTO `orders` VALUES (375,NULL,'Giao hàng vào cuối tuần!',63670000,'0765387956','2023-09-20 20:50:10.515000','Nguyễn Văn Hạnh','120 Tế Hanh, Cẩm Lệ, Đà Nẵng','Hoàn thành','Thanh toán khi nhận hàng',8,36),(382,NULL,'Giao hàng vào cuối tuần',52480000,'0123456789','2023-09-20 21:38:26.661000','Huỳnh Văn Huy','48 Lê Đại Hành, Cẩm Lệ','Hoàn thành','Thanh toán khi nhận hàng',2,190),(391,NULL,'Giao hàng vào cuối tuần!',45980000,'0765387564','2023-10-20 23:04:29.317000','Nguyễn Đắc Quang','40 Hàm Nghi, Hải Châu, Đà Nẵng','Hoàn thành','Thanh toán khi nhận hàng',2,192),(399,NULL,'Giao hàng vào cuối tuần!',51340000,'0869935347','2023-10-21 15:01:17.032000','Trần Hồng Ngọc','Sông Cầu, Phú Yên','Hoàn thành','Thanh toán khi nhận hàng',9,146),(406,NULL,'Giao hàng vào cuối tuần!',30290000,'0869935347','2023-09-21 15:29:48.153000','Trần Hồng Ngọc','Sông Cầu, Phú Yên','Đã hủy','Thanh toán khi nhận hàng',1,146),(412,NULL,'Giao hàng vào cuối tuần!',78130000,'0765387569','2023-09-21 15:35:42.460000','Trần Hồng Nhi','Phú Yên','Hoàn thành','Thanh toán khi nhận hàng',7,313),(421,'2023-11-23 21:37:51.285000','Giao hàng vào thứ 7!',42090000,'0345678912','2023-10-22 00:04:02.947000','Lê Văn Hùng ','61 Châu Thị Vĩnh Tế, Đà Nẵng','Đã giao','Thanh toán khi nhận hàng',2,168),(424,'2023-11-23 21:37:42.243000','Giao hang vao cuoi tuan!',18990000,'0869935347','2023-10-23 19:37:46.622000','Trần Hồng Ngọc','Sông Cầu, Phú Yên','Hoàn thành','Thanh toán khi nhận hàng',1,146),(434,'2023-11-24 15:46:52.747000','Giao hàng vào cuối tuần!',63170000,'0324151522','2023-11-23 21:30:26.832000','Nguyễn Văn Name','90 Lê Đại Hành, Cẩm Lệ','Đã giao','Thanh toán khi nhận hàng',3,428),(443,'2023-11-25 13:21:38.258000','Giao hàng vào cuối tuần!',52770000,'0905853258','2023-11-24 15:42:38.296000','Trần Bình Yên','86 Văn Tiến Dũng, Hòa Xuân','Đã giao','Thanh toán khi nhận hàng',3,293),(452,'2024-01-05 13:07:42.390000','Giao hàng vào cuối tuần!',5970000,'0909384738','2023-11-26 20:18:31.355000','Trần Hồng Nhi','40 Sông Cầu, Phú Yên','Đã giao','Thanh toán khi nhận hàng',3,313),(461,'2023-11-29 17:00:48.103000','Giao hàng vào cuối tuần!',17990000,'0905853296','2023-11-27 23:47:40.768000','Lê Văn Hùng','390 Nguyễn Văn Thoại','Đã giao','Thanh toán khi nhận hàng',1,457),(467,'2023-12-04 21:47:46.887000','Giao hàng vào cuối tuần!',15990000,'0905852455','2023-11-28 00:17:57.356000','Trần Nam Trung ','390 Văn Tiến Dũng','Hoàn thành','Thanh toán khi nhận hàng',1,457),(470,NULL,'demo',43340000,'0869935347','2023-11-28 09:20:54.089000','Trần Hồng Ngọc','Sông Cầu, Phú Yên','Trả hàng','Thanh toán khi nhận hàng',6,146),(479,'2024-01-05 13:07:38.569000','Giao hàng vào cuối tuần!',47070000,'0765387956','2023-11-29 17:02:54.096000','Nguyễn Văn Hạnh','120 Tế Hanh, Cẩm Lệ, Đà Nẵng','Đã giao','Thanh toán khi nhận hàng',3,473),(494,'2023-11-30 16:04:30.419000','Giao hàng vào cuối tuần!',1590000,'0765387956','2023-11-30 16:03:38.397000','Huỳnh Văn Huy','40 Tổn Đản, Đà Nẵng','Hoàn thành','Thanh toán khi nhận hàng',1,190),(501,'2023-12-04 21:48:29.561000','Giao hàng vào cuối tuần!',36140000,'0765387956','2023-12-04 21:47:05.374000','Nguyễn Văn Hạnh','120 Tế Hanh, Cẩm Lệ, Đà Nẵng','Hoàn thành','Thanh toán khi nhận hàng',6,473),(507,'2023-12-04 21:50:17.469000','Giao hàng vào cuối tuần!',46680000,'0123456789','2023-12-04 21:50:04.792000','Huỳnh Văn Huy','48 Lê Đại Hành, Cẩm Lệ','Đã giao','Thanh toán khi nhận hàng',2,190),(512,NULL,'Giao hàng vào thứ 7!',40890000,'0908525963','2023-12-04 21:53:07.582000','Lê Văn Hùng','40 Châu thị vĩnh tế, Đà Nẵng','Đang giao','Thanh toán khi nhận hàng',2,457),(519,'2023-12-08 16:01:12.530000','Giao hàng vào cuối tuần',19990000,'0765387956','2023-12-08 16:00:50.063000','Trần Hồng Ngọc','120 Te hanh','Đã giao','Thanh toán khi nhận hàng',1,146),(524,'2023-12-10 16:15:36.499000','Demo',17990000,'0765387956','2023-12-10 16:13:44.602000','Nguyễn Văn Hạnh','120 Tế Hanh, Cẩm Lệ, Đà Nẵng','Đã giao','Thanh toán khi nhận hàng',1,192),(533,'2023-12-10 17:28:48.128000','demo',50870000,'0765387956','2023-12-10 17:27:19.975000','Nguyễn Văn Hạnh','120 Tế Hanh, Cẩm Lệ, Đà Nẵng','Đã giao','Thanh toán khi nhận hàng',3,192),(562,'2023-12-14 15:10:26.206000','Giao hang vao cuoi tuan',46780000,'0765387956','2023-12-14 15:09:35.458000','Nguyen van hanh','120 Te Hanh','Đang giao','Thanh toán khi nhận hàng',2,146),(579,'2023-12-17 15:47:08.739000','demo',44980000,'123456789','2023-12-17 15:46:13.021000','quang nguyen','123 nui thanh','Trả hàng','Thanh toán khi nhận hàng',2,146),(585,NULL,'Giao hàng vào cuối tuần!',3510000,'0765387956','2023-12-18 23:24:18.712000','Nguyễn Văn Hạnh','120 Tế Hanh, Hòa Xuân','Chờ lấy hàng','Thanh toán khi nhận hàng',4,473),(589,NULL,'Giao hàng vào chủ nhật!',2295000,'0869355359','2023-12-18 23:25:38.450000','Huỳnh Văn Huy','48 Lê Thanh Nghị','Đã hủy','Thanh toán khi nhận hàng',3,473),(634,'2023-12-20 09:58:07.497000','giao hang vao chu nhat',31990000,'0765387956','2023-12-20 09:56:47.054000','Nguyen van hanh','120 Te Hanh','Đã giao','Thanh toán khi nhận hàng',5,473),(647,NULL,'giao hàng vào cuối tuần!',55382400,'0765387956','2023-12-26 19:32:41.265000','Nguyen van hanh','120 Te Hanh','Trả hàng','Thanh toán khi nhận hàng',2,473),(659,NULL,'Giao hàng vào cuối tuần!',57920400,'0765387956','2024-01-05 12:55:05.765000','Nguyen van hanh','120 Te Hanh','Chờ xác nhận','Thanh toán khi nhận hàng',3,473);
/*!40000 ALTER TABLE `orders` ENABLE KEYS */;
UNLOCK TABLES;

--
-- Table structure for table `product`
--

DROP TABLE IF EXISTS `product`;
/*!40101 SET @saved_cs_client     = @@character_set_client */;
/*!50503 SET character_set_client = utf8mb4 */;
CREATE TABLE `product` (
  `p_id` bigint NOT NULL,
  `active` bit(1) DEFAULT NULL,
  `config` varchar(255) DEFAULT NULL,
  `description` longtext,
  `discount_price` double DEFAULT NULL,
  `images` varchar(255) DEFAULT NULL,
  `price` double DEFAULT NULL,
  `quantum` int DEFAULT NULL,
  `title` varchar(255) DEFAULT NULL,
  `category_cate_id` bigint DEFAULT NULL,
  `manufacturer_manu_id` bigint DEFAULT NULL,
  PRIMARY KEY (`p_id`),
  KEY `FKfo1cm1ahclernbcq320rg3oh3` (`category_cate_id`),
  KEY `FKr33868ewlr9gccnw8pvpqe55w` (`manufacturer_manu_id`),
  CONSTRAINT `FKfo1cm1ahclernbcq320rg3oh3` FOREIGN KEY (`category_cate_id`) REFERENCES `category` (`cate_id`),
  CONSTRAINT `FKr33868ewlr9gccnw8pvpqe55w` FOREIGN KEY (`manufacturer_manu_id`) REFERENCES `manufacturer` (`manu_id`)
) ENGINE=InnoDB DEFAULT CHARSET=utf8mb4 COLLATE=utf8mb4_0900_ai_ci;
/*!40101 SET character_set_client = @saved_cs_client */;

--
-- Dumping data for table `product`
--

LOCK TABLES `product` WRITE;
/*!40000 ALTER TABLE `product` DISABLE KEYS */;
INSERT INTO `product` VALUES (68,_binary '','https://cdn.tgdd.vn/Products/Images/44/231244/apple-macbook-air-2020-mgn63saa-280323-125154.jpg','Laptop Apple MacBook Air M1 2020 thuộc dòng laptop cao cấp sang trọng có cấu hình mạnh mẽ, chinh phục được các tính năng văn phòng lẫn đồ hoạ mà bạn mong muốn, thời lượng pin dài, thiết kế mỏng nhẹ sẽ đáp ứng tốt các nhu cầu làm việc của bạn.\nChip Apple M1 tốc độ xử lý nhanh gấp 3.5 lần thế hệ trước\nChiếc MacBook này được trang bị con chip Apple M1 được sản xuất độc quyền bởi Nhà Táo trên tiến trình 5 nm, 8 lõi bao gồm 4 lõi tiết kiệm điện và 4 lõi hiệu suất cao, mang đến một hiệu năng kinh ngạc, xử lý mọi tác vụ văn phòng một cách mượt mà như Word, Excel, Powerpoint,... thực hiện tốt các nhiệm vụ chỉnh sửa hình ảnh, kết xuất 2D trên các phần mềm Photoshop, AI,... máy còn hỗ trợ tiết kiệm được điện năng cao.\n',18490000,'https://firebasestorage.googleapis.com/v0/b/graduation-f97dc.appspot.com/o/v2tc3c5raq?alt=media&token=ae95c7cc-c314-4996-b79a-32901775d6f6',18990000,4,'Laptop Apple MacBook Air 13 inch M1 2020 8-core CPU8GB256GB7-core GPU (MGN63SAA)',39,67),(80,_binary '','https://cdn.tgdd.vn/Products/Images/44/282827/apple-macbook-air-m2-2022-161122-112213.jpg','Sau 14 năm, ba lần sửa đổi và hai kiến trúc bộ vi xử lý khác nhau, kiểu dáng mỏng dần mang tính biểu tượng của MacBook Air đã đi vào lịch sử. Thay vào đó là một chiếc MacBook Air M2 với thiết kế hoàn toàn mới, độ dày không thay đổi tương tự như MacBook Pro, đánh bật mọi rào cản với con chip Apple M2 đầy mạnh mẽ.\nLột xác ngoạn mục với thiết kế thời thượng, sang trọng \nSự đẳng cấp đến từ ngoại hình của chiếc MacBook Air nhà Apple là điều không thể phủ nhận và khó có dòng sản phẩm cùng phân khúc nào có thể qua mặt được.',26490000,'https://firebasestorage.googleapis.com/v0/b/graduation-f97dc.appspot.com/o/hhfcdfi3hkg?alt=media&token=dba3d91e-c60a-4fb4-96d6-71502c2f8c1d',27090000,12,'Laptop Apple MacBook Air 13 inch M2 2022 8-core CPU8GB256GB8-core GPU (MLXY3SAA)',39,67),(88,_binary '','https://cdn.tgdd.vn/Products/Images/42/299033/iphone-15-pro-131023-034959.jpg','Lý do chọn mua iPhone 15 Pro Max tại Thế Giới Di Động\niPhone 15 Pro Max là một chiếc điện thoại thông minh cao cấp được mong đợi nhất năm 2023. Với nhiều tính năng mới và cải tiến, iPhone 15 Pro Max chắc chắn sẽ là một lựa chọn tuyệt vời cho những người dùng đang tìm kiếm một chiếc điện thoại có hiệu năng mạnh mẽ, camera chất lượng và thiết kế sang trọng.\n\n• Sản phẩm chính hãng, đảm bảo chất lượng: Thế Giới Di Động là nhà bán lẻ điện thoại di động lớn nhất Việt Nam, cam kết cung cấp sản phẩm chính hãng, đảm bảo chất lượng. Bạn có thể yên tâm về xuất xứ sản phẩm và có thể tận hưởng trải nghiệm sử dụng tốt nhất.\n\n• Ưu đãi và khuyến mãi hấp dẫn: Thế Giới Di Động thường xuyên có các chương trình khuyến mãi, giảm giá và tặng quà kèm, giúp bạn tiết kiệm được một khoản tiền khi mua iPhone 15 Pro Max.',33990000,'https://firebasestorage.googleapis.com/v0/b/graduation-f97dc.appspot.com/o/09j36ln7aso?alt=media&token=a88e692c-e867-412c-8142-0edfb8cc0176',34990000,18,'iPhone 15 Pro Max 256GB',40,46),(92,_binary '','https://cdn.tgdd.vn/Products/Images/42/303812/iphone-15-512gb-131023-110624.jpg','iPhone 15 Plus thu hút mọi ánh nhìn ngay khi ra mắt nhờ có vẻ ngoài cao cấp, trang bị bộ xử lý mạnh mẽ, cụm camera kép đặc trưng cho khả năng chụp ảnh cực nét cùng màn hình chất lượng cao, để bạn tận hưởng trải nghiệm sử dụng tuyệt vời. \nDiện mạo vuông vắn sang trọng\nNăm nay, Apple vẫn sẽ tiếp tục sử dụng kiểu thiết kế vuông vắn dành cho thế hệ iPhone trong năm 2023, giúp tạo cảm giác cứng cáp và độc đáo. Màn hình của chiếc điện thoại này cũng được thiết kế phẳng, mang đến một cái nhìn thú vị và hiện đại hơn bao giờ hết. Thiết kế này không chỉ mang đến vẻ đẹp độc đáo, mà còn tối ưu hóa trải nghiệm người dùng khi cầm nắm sản phẩm.\n\niPhone 15 Plus tiếp tục thể hiện sự cố gắng của Apple trong việc sáng tạo và sử dụng chất liệu cao cấp. Chiếc điện thoại iPhone này có khung nhôm chắc chắn, tạo sự độc đáo và đẳng cấp.\n',24990000,'https://firebasestorage.googleapis.com/v0/b/graduation-f97dc.appspot.com/o/2rjb93658qg?alt=media&token=0f42e8b0-a9c2-4380-a540-ff9f073f2257',25990000,10,'iPhone 15 Plus 128GB',40,46),(99,_binary '','https://cdn.tgdd.vn/Products/Images/44/309016/apple-macbook-air-m2-2023-070623-044421.jpg','MacBook Air 15 inch M2 2023 đã có phiên bản cải tiến vừa được nhà Apple cho ra mắt, thêm không gian cho những điều bạn yêu với màn hình Liquid Retina 15 inch ấn tượng. Với người dùng yêu thích hiệu năng \"nhanh như chớp\" trong một thiết kế siêu gọn nhẹ của dòng Air thì đây chắc chắn là một sản phẩm bạn không nên bỏ qua.\nMàn hình Retina 15 inch lớn ấn tượng \nVới phiên bản 2023, Macbook Air được nâng cấp màn hình lên 15.3 inch, được trang bị tấm nền IPS cùng độ phân giải Liquid Retina (2880 x 1864) giúp những khung hình được tái hiện hoàn hảo',30290000,'https://firebasestorage.googleapis.com/v0/b/graduation-f97dc.appspot.com/o/bihelbdgre8?alt=media&token=effc23b9-8502-4f6d-8ae3-7edd37627e8a',31290000,14,'Laptop MacBook Air 15 inch M2 2023 8CPU8GB256GB10GPU (MQKU3SAA',39,67),(103,_binary '','https://cdn.tgdd.vn/Products/Images/86/308679/chuot-khong-day-gaming-rapoo-vt960s-thumb-600x600.jpg','Chuột không dây Gaming Rapoo VT960s sở hữu thiết kế như siêu xe thời trang, chất liệu bền bỉ, trang bị đèn LED đẹp mắt, phù hợp với các bạn hay chơi game, hứa hẹn mang đến cho người dùng những trải nghiệm tối ưu.\n• Kiểu dáng chuột năng động và mạnh mẽ với các đường cắt được ghép với nhau một cách hoàn hảo, nâng cấp vẻ đẹp cho không gian giải trí và làm việc của bạn. \n\n• Tốc độ quét IPS 400 cho phản hồi nhạy bén, hỗ trợ tốt trải nghiệm chơi game hay các thao tác trong thiết kế đồ hoạ, tạo nên trải nghiệm sử dụng đã tay nhất cho người dùng.\n\n• Ngoài ra, độ phân giải từ 50 - 19000 DPI có thể thoải mái điều chỉnh sao cho phù hợp với nhu cầu sử dụng của bạn, nhờ vậy chuột không chỉ dành cho các game thủ mà những người dùng văn phòng cơ bản hay học sinh/sinh viên cũng có thể sử dụng.\n\n• Chuột Rapoo còn kết nối với laptop thông qua dây cắm USB với chiều dài 180 cm vô cùng tiện lợi.',1590000,'https://firebasestorage.googleapis.com/v0/b/graduation-f97dc.appspot.com/o/1avfjsmdi0g?alt=media&token=da0345e6-e6b7-481f-a8f0-7207f10f821f',1690000,8,'Chuột không dây Gaming Rapoo VT960s',41,110),(112,_binary '','https://cdn.tgdd.vn/Products/Images/86/299931/chuot-khong-day-logitech-silent-signature-m650-size-m-thumb2-1-600x600.jpeg','Chuột Không dây Bluetooth Silent Logitech Signature M650 sở hữu kiểu dáng công thái học cùng độ phân giải lớn, đáp ứng tốt gần như mọi nhu cầu từ sử dụng cơ bản tới những tác vụ chuyên nghiệp của người dùng.\n• Thiết kế gọn đẹp, vừa tay, màu sắc thời thượng, lịch lãm, viền bên được lót thêm miếng cao su giúp cầm và sử dụng chuột chắc chắn hơn.\n\n• Chuột không dây này có thể kết nối được với phần lớn các máy tính hiện nay nhờ tương thích với các hệ điều hành phổ biến: Windows và macOS.\n\n• Độ phân giải lên tới 4000 DPI, cho phản hồi cực kỳ nhanh chóng và chính xác.\n\n• Kích thước chuột cỡ vừa (size M), phù hợp với kích cỡ tay của phần đông người dùng (chiều dài tay khoảng 17.5 cm - 19 cm).\n\n• Phím nhấn và con lăn được chế tác chỉn chu, cuộn siêu nhanh, click dễ dàng. Thêm vào đó, công nghệ SilentTouch giúp giảm hiệu quả tiếng ồn khi nhấp chuột, cho phép bạn tập trung hơn vào công việc.\n',765000,'https://firebasestorage.googleapis.com/v0/b/graduation-f97dc.appspot.com/o/jlseifok1gg?alt=media&token=7dcd64fa-b807-4dc5-8861-47b8fe88d16f',850000,11,'Chuột Không dây Bluetooth Silent Logitech Signature M650',41,48),(116,_binary '','https://cdn.tgdd.vn/Products/Images/44/302520/Kit/lenovo-yoga-duet-7-13itl6-i7-82ma009pvn-note.jpg','Laptop Lenovo Yoga Duet 7 13ITL6 i7 (82MA009PVN) độc đáo với thiết kế linh hoạt, cho phép bạn sử dụng máy như một chiếc laptop làm việc đầy năng suất hay một chiếc tablet giúp thỏa mãn mọi nhu cầu giải trí.\n• Bộ vi xử lý Intel Core i7 1165G7 và card tích hợp Intel Iris Xe Graphics hỗ trợ bạn vận hành mượt mà cho các công việc như lập trình, chỉnh sửa video và chơi game nhẹ. Đồng thời cho phép bạn chạy các tác vụ đồ họa ở mức trung bình.\n\n• RAM 16 GB giúp laptop Lenovo Yoga hoạt động mượt mà khi chạy nhiều tác vụ cùng lúc. SSD 1 TB hỗ trợ bạn lưu trữ hàng trăm hoặc hàng nghìn tập tin, video, nhạc, ảnh,... mà không lo bị hết không gian lưu trữ.',31490000,'https://firebasestorage.googleapis.com/v0/b/graduation-f97dc.appspot.com/o/lnfa3jif8u?alt=media&token=a277d6ad-0465-4a23-8399-28f2e3c36ed3',36490000,7,'Laptop Lenovo Yoga Duet 7 13ITL6 i7 1165G716GB1TBTouchPenWin11 (82MA009PVN)',39,47),(178,_binary '','https://cdn.tgdd.vn/Products/Images/44/274921/Kit/asus-tuf-gaming-fx517zc-i5-hn077w-note.jpg','Sở hữu ngoại hình ấn tượng thu hút mọi ánh nhìn cùng hiệu năng mạnh mẽ đến từ laptop CPU thế hệ 12 mới nhất,\n Asus Gaming TUF Dash F15 FX517ZC i5 (HN077W) là lựa chọn xứng tầm cho mọi nhu cầu chiến game giải trí hay đồ hoạ -\n kỹ thuật của người dùng.\n• Laptop Asus TUF mang hiệu năng vượt trội cho khả năng giải quyết trơn tru các tác vụ phức tạp như thiết kế hình ảnh,\n render video,... trên các ứng dụng nhà Adobe hay thoả sức chiến các tựa game hot như CS:GO, GTA V,... \nnhờ trang bị chip Intel Core i5 Alder Lake 12450H cùng card rời NVIDIA RTX 3050, 4 GB.',24690000,'https://firebasestorage.googleapis.com/v0/b/graduation-f97dc.appspot.com/o/ech5uf7vulo?alt=media&token=3f12e8d5-97d9-42aa-917a-9c20afadfa44',27990000,17,'Laptop Asus Gaming TUF Dash F15 FX517ZC i5 12450H8GB512GB4GB RTX3050144HzWin11',39,45),(182,_binary '','https://cdn.tgdd.vn/Products/Images/44/279259/Kit/asus-tuf-gaming-fx506lhb-i5-hn188w-note.jpg','Nếu bạn đang tìm kiếm một chiếc laptop gaming nhưng vẫn sở hữu một mức giá phải chăng thì laptop Asus TUF Gaming FX506LHB i5 (HN188W) \nsẽ là sự lựa chọn đáng cân nhắc với card đồ họa rời NVIDIA GeForce GTX mạnh mẽ cùng phong cách thiết kế cứng cáp, độc đáo. \n• Chạy mượt mà các ứng dụng văn phòng trên Word, Excel, PowerPoint,... đến chiến những con game đình đám nhờ bộ vi xử lý Intel Core i5 10300H \nkết hợp với card đồ họa rời NVIDIA GeForce GTX 1650 4 GB mạnh mẽ. ',16190000,'https://firebasestorage.googleapis.com/v0/b/graduation-f97dc.appspot.com/o/9of20c7nl7?alt=media&token=9ef951c6-14e2-41a2-9db8-7ce824233650',18990000,15,'Laptop Asus TUF Gaming F15 FX506LHB i5 10300H8GB512GB4GB GTX1650144HzWin11',39,45),(186,_binary '','https://cdn.tgdd.vn/Products/Images/44/285771/Kit/asus-zenbook-14-oled-ux3402za-i7-km221w-note.jpg','Laptop Asus Zenbook 14 OLED UX3402ZA i7 (KM221W) sở hữu ngoại hình thanh lịch, màn hình OLED 2.8K tỷ lệ 16:10 và bộ vi xử lý Intel Core i7\n thế hệ thứ 12 mạnh mẽ, xứng danh một chiếc laptop học tập - văn phòng cùng mình chinh chiến trong suốt quãng đường đại học.\nCân mọi thể loại tác vụ từ chơi game cho đến thiết kế\nLaptop Asus Zenbook được trang bị bộ vi xử lý Intel Core i7 1260P với cấu trúc 12 nhân và 16 luồng cùng card đồ họa tích hợp \nIntel Iris Xe, không chỉ hỗ trợ mình xử lý mượt mà mọi tác vụ học tập, văn phòng từ cơ bản đến nâng cao mà còn cân luôn các công việc \nchỉnh ảnh, thiết kế trên Photoshop, Canva, Figma,...',26190000,'https://firebasestorage.googleapis.com/v0/b/graduation-f97dc.appspot.com/o/6p3okent8gg?alt=media&token=d36d9f7f-ecd3-43b5-808c-3a3b8f812c3e',29990000,17,'Laptop Asus Zenbook 14 OLED UX3402ZA i7 1260P16GB512GBCápWin11',39,45),(210,_binary '','https://cdn.tgdd.vn/Products/Images/42/251192/Kit/iphone-14-pro-max-note.jpg','iPhone 14 Pro Max một siêu phẩm trong giới smartphone được nhà Táo tung ra thị trường vào tháng 09/2022. Máy trang bị con chip Apple A16 Bionic vô cùng mạnh mẽ, đi kèm theo đó là thiết kế hình màn hình mới, hứa hẹn mang lại những trải nghiệm đầy mới mẻ cho người dùng iPhone.\nThiết kế cao cấp bền bỉ\niPhone năm nay sẽ được thừa hưởng nét đặc trưng từ người anh iPhone 13 Pro Max, vẫn sẽ là khung thép không gỉ và mặt lưng kính cường lực kết hợp với tạo hình vuông vức hiện đại thông qua cách tạo hình phẳng ở các cạnh và phần mặt lưng.',24090000,'https://firebasestorage.googleapis.com/v0/b/graduation-f97dc.appspot.com/o/ilffa7mfms?alt=media&token=e4dae2ab-f693-46f2-bbb6-69e32790b6e9',25990000,18,'iPhone14 Pro Max 128GB',40,46),(214,_binary '','https://cdn.tgdd.vn/Products/Images/42/247508/Kit/iphone-14-pro-note.jpg','iPhone 14 Pro 128GB - Mẫu smartphone đến từ nhà Apple được mong đợi nhất năm 2022, lần này nhà Táo mang đến cho chúng ta một phiên bản với kiểu thiết kế hình notch mới, cấu hình mạnh mẽ nhờ con chip Apple A16 Bionic và cụm camera có độ phân giải được nâng cấp lên đến 48 MP.\nThiết kế mang dáng vẻ sang trọng và đặc trưng\nĐến với thiết kế của iPhone 14 Pro năm nay, hãng vẫn giữ lại nét đặc trưng vốn có từ các đời trước, vẫn mang trong mình ngoại hình vuông vức với các cạnh và mặt lưng vát phẳng. Hiện tại thị hiếu của người dùng về kiểu thiết kế này vẫn đang rất cao, vậy nên theo mình thấy thì đây vẫn sẽ là chiếc điện thoại bắt trend cho trong nhiều năm tiếp theo.\n',22990000,'https://firebasestorage.googleapis.com/v0/b/graduation-f97dc.appspot.com/o/2ifkjb32m38?alt=media&token=eaa0c587-c61e-4925-829b-5e7d9edb78a1',24990000,17,'Iphone 14 Pro 128Gb',40,46),(218,_binary '','https://cdn.tgdd.vn/Products/Images/42/240259/Kit/iphone-14-note.jpg','iPhone 14 128GB được xem là mẫu smartphone bùng nổ của nhà táo trong năm 2022, ấn tượng với ngoại hình trẻ trung, màn hình chất lượng đi kèm với những cải tiến về hệ điều hành và thuật toán xử lý hình ảnh, giúp máy trở thành cái tên thu hút được đông đảo người dùng quan tâm tại thời điểm ra mắt.\niPhone 14 sở hữu thiết kế cao cấp\nVới phiên bản tiêu chuẩn thì nhà Apple vẫn giữ nguyên kiểu dáng thiết kế so với thế hệ tiền nhiệm, vẫn là mặt lưng phẳng cùng bộ khung vuông giúp máy trở nên hiện đại hơn',17490000,'https://firebasestorage.googleapis.com/v0/b/graduation-f97dc.appspot.com/o/kulqs455i78?alt=media&token=56d1f844-2b7f-4727-8f06-f29a274191a4',19990000,18,'Iphone 14 128GB',40,46),(247,_binary '','https://cdn.tgdd.vn/Products/Images/42/224859/Kit/samsung-galaxy-s20-fan-edition-note.jpg','Samsung đã giới thiệu đến người dùng thành viên mới của dòng S20 Series đó chính là điện thoại Samsung Galaxy S20 FE. Đây là mẫu flagship cao cấp quy tụ nhiều tính năng mà Samfan yêu thích, hứa hẹn sẽ mang lại trải nghiệm cao cấp của dòng Galaxy S với mức giá dễ tiếp cận hơn.\nNhiếp ảnh chuyên nghiệp với cụm camera đẳng cấp\nCamera trên S20 FE là 3 cảm biến chất lượng nằm gọn trong mô đun chữ nhật độc đáo ở mặt lưng bao gồm: Camera chính 12 MP cho chất lượng ảnh sắc nét, camera góc siêu rộng 12 MP cung cấp góc chụp tối đa và cuối cùng camera tele 8 MP hỗ trợ zoom quang học 3X.',7790000,'https://firebasestorage.googleapis.com/v0/b/graduation-f97dc.appspot.com/o/8l9m2tgn4kg?alt=media&token=6064790f-b55d-4f55-9f1e-ec7371dc59f2',11490000,19,'Điện thoại Samsung Galaxy S20 FE (8GB256GB)',40,251),(253,_binary '','https://cdn.tgdd.vn/Products/Images/42/267211/Kit/samsung-galaxy-s21-fe--n.jpg','Samsung Galaxy S21 FE 5G (6GB/128GB) được Samsung ra mắt với dáng dấp thời thượng, cấu hình khỏe, chụp ảnh đẹp với bộ 3 camera chất lượng, thời lượng pin đủ dùng hằng ngày và còn gì nữa? Mời bạn khám phá qua nội dung sau ngay.\nVẻ ngoài sang trọng, màu sắc thời trang\nGalaxy S21 FE 5G thiết kế mỏng nhẹ với độ dày 7.9 mm, khối lượng chỉ 177 gram, các góc cạnh bo tròn cho cảm giác hài hòa, mềm mại, kết hợp các tông màu thời thượng gồm tím, xanh lá, xám và trắng giúp bạn dễ dàng tạo nên phong cách riêng đầy cá tính.',8990000,'https://firebasestorage.googleapis.com/v0/b/graduation-f97dc.appspot.com/o/tkioftaicn8?alt=media&token=a7dad1c3-24d6-4eb2-8675-13a8cb61250c',11990000,19,'Điện thoại Samsung Galaxy S21 FE 5G (6GB128GB)',40,251),(257,_binary '','https://cdn.tgdd.vn/Products/Images/42/249948/Kit/samsung-galaxy-s23-ultra-note.jpg','Samsung Galaxy S23 Ultra 5G 256GB là chiếc smartphone cao cấp nhất của nhà Samsung, sở hữu cấu hình không tưởng với con chip khủng được Qualcomm tối ưu riêng cho dòng Galaxy và camera lên đến 200 MP, xứng danh là chiếc flagship Android được mong đợi nhất trong năm 2023.\nTạo hình sang trọng đầy tinh tế\nVề thiết kế thì Samsung Galaxy S23 Ultra sẽ tiếp tục thừa hưởng kiểu dáng sang trọng đến từ thế hệ trước, vẫn là bộ khung kim loại, mặt lưng kính cùng kiểu tạo hình bo cong nhẹ ở cạnh bên và màn hình.',23990000,'https://firebasestorage.googleapis.com/v0/b/graduation-f97dc.appspot.com/o/df79k33lr6?alt=media&token=cea9a16b-0a09-47fc-b61e-ae7e067f3213',28990000,17,'Điện thoại Samsung Galaxy S23 Ultra 5G 256GB',40,251),(261,_binary '','https://cdn.tgdd.vn/Products/Images/42/299034/Kit/oppo-n2-flip-tim-note.jpg','OPPO Find N2 Flip 5G - chiếc điện thoại gập đầu tiên của OPPO đã được giới thiệu chính thức tại Việt Nam vào tháng 03/2023. Sở hữu cấu hình mạnh mẽ cùng thiết kế siêu nhỏ gọn giúp tối ưu kích thước, chiếc điện thoại sẽ cùng bạn nổi bật trong mọi không gian với vẻ ngoài đầy cá tính.\nSử dụng ngôn ngữ thiết kế gập hiện đại\nLà mẫu điện thoại gập dọc đầu tiên của OPPO, vì thế Find N2 Flip mang đến cho mình khá nhiều sự tò mò cũng như cảm hứng về phần thiết kế, điều này giúp quá trình sử dụng trở nên thú vị hơn so với đại đa số những mẫu máy thông thường khác.\n',15900000,'https://firebasestorage.googleapis.com/v0/b/graduation-f97dc.appspot.com/o/9aulkpit2o?alt=media&token=f9f84f93-2530-4094-af69-a435f075ea3e',17990000,17,'Điện thoại OPPO Find N2 Flip 5G',40,252),(265,_binary '','https://cdn.tgdd.vn/Products/Images/42/309722/Kit/oppo-reno10-note-3.jpg','Đến hẹn lại lên, hãng điện thoại OPPO tiếp tục cho ra mắt sản phẩm OPPO Reno10 5G 128GB tại thị trường Việt Nam trong năm 2023. Điện thoại mang trong mình lối thiết kế đẹp mắt, hiệu năng mượt mà xử lý tốt mọi tác vụ, đi cùng bộ ba camera mang đến những bức ảnh đẹp mắt.\nThiết kế trẻ trung thu hút mọi ánh nhìn\nMang đến cho người dùng lối thiết kế trẻ trung hiện đại, khi Reno10 5G được làm nguyên khối kèm với đó sẽ là kiểu phối màu gradient cực kỳ bắt mắt và sang trọng. Từ đó cho bạn cái nhìn cao cấp và sang trọng hơn, giúp bạn tự tin sử dụng ở bất cứ đâu và luôn nhận được sự chú ý của mọi người khi sử dụng Reno 10 5G trên tay.',6900000,'https://firebasestorage.googleapis.com/v0/b/graduation-f97dc.appspot.com/o/dgll91eitbo?alt=media&token=2b3f8bb9-db4f-4df2-a784-46ca763591d6',7990000,19,'Điện thoại OPPO Reno10 5G 128GB',40,252),(270,_binary '','https://cdn.tgdd.vn/Products/Images/44/292396/Kit/note.jpg','Khi nhắc đến dòng laptop học tập - văn phòng thì bạn không thể nào bỏ qua laptop Dell Inspiron 16 5620 i7 (N6I7110W1) \nvới hiệu năng vượt trội, thiết kế hiện đại và gọn nhẹ phù hợp với nhu cầu sử dụng của sinh viên và nhân viên văn phòng cần phải di chuyển thường xuyên.\nMượt mà đa tác vụ văn phòng\nLaptop Dell sở hữu bộ vi xử lý Intel thế hệ 12, chính xác hơn đó là Intel Core i7 1255U với khả năng tối ưu để vừa cung cấp hiệu năng \nmạnh mẽ có thể cân hoàn hảo các tác vụ văn phòng vừa hạn chế mức độ tiêu thụ điện năng. Card đồ họa tích hợp Intel UHD cũng đủ tốt để \nđáp ứng cho các nhu cầu chỉnh sửa hình ảnh 2D, file thiết kế cơ bản trên các ứng dụng nhà Adobe.',21190000,'https://firebasestorage.googleapis.com/v0/b/graduation-f97dc.appspot.com/o/jpadlsutqeg?alt=media&token=9fd3878d-f862-42b8-b331-06bd51b1cdb7',23190000,18,'Laptop Dell Inspiron 16 5620 i7 1255U8GB512GBOfficeHSWin11',39,269),(274,_binary '','https://cdn.tgdd.vn/Products/Images/44/266280/Kit/dell-vostro-3510-i5-p112f002bbl-fix-note.jpg','Laptop Dell Vostro 3510 i5 (P112F002BBL) sở hữu cấu hình mạnh mẽ, đa nhiệm mượt mà trên sức mạnh của bộ vi xử lý Intel thế hệ 11, \ncùng một thiết kế đơn giản mà sang đẹp, sẽ là lựa chọn đắt giá đáp ứng nhu cầu học tập, làm việc hay giải trí của bạn.\nHiệu năng mạnh mẽ, ổn định\nĐược trang bị dòng chip Intel Core i5 Tiger Lake 1135G7 mạnh mẽ, hoạt động trên xung nhịp cơ bản 2.4 GHz và ép xung lên đến 4.2 GHz ở chế độ Turbo Boost, \nDell Vostro 3510 dễ dàng giải quyết mượt mà các tác vụ như soạn thảo hợp đồng trên Word, nhập liệu và thống kê qua Excel, \ntạo bảng thuyết trình cùng PowerPoint,... hay thiết kế đồ hoạ cơ bản trên các ứng dụng nhà Adobe cũng hiệu quả không kém.',17990000,'https://firebasestorage.googleapis.com/v0/b/graduation-f97dc.appspot.com/o/hpjfepv3t2?alt=media&token=25a5204a-0d0a-40fd-bade-201f4c6b6ef6',20990000,16,'Laptop Dell Vostro 3510 i5 1135G78GB512GB2GB MX350OfficeHSWin11',39,269),(278,_binary '','https://cdn.tgdd.vn/Products/Images/44/288201/Kit/lenovo-ideapad-5-pro-14iap7-i5-82sh000svn-note.jpg','Laptop Lenovo Ideapad Gaming 3 15IAH7 i5 (82S9007TVN) thuộc dòng laptop gaming mang vẻ đẹp ấn tượng, cuốn hút nhưng không kém phần mạnh mẽ nhờ vào CPU Intel Gen 12, sẵn sàng đồng hành cùng bạn trên mọi đấu trường game hiện nay.\nThiết kế hầm hố, cá tính với gam màu trắng cuốn hút\nLenovo IdeaPad Gaming 3 sở hữu một thiết kế góc cạnh cùng gam màu trắng pha lẫn các chi tiết xanh tạo nên một tổng thể vô cùng mạnh mẽ, hầm hố nhưng không kém phần sang trọng. Tuy có lớp vỏ từ nhựa nhưng cảm giác cầm nắm, xách lên di chuyển rất chắc chắn và không ọp ẹp.',20190000,'https://firebasestorage.googleapis.com/v0/b/graduation-f97dc.appspot.com/o/e7vnps3oiho?alt=media&token=91d35e67-81f0-46b4-ba76-21948183d5fd',24990000,17,'Laptop Lenovo Ideapad Gaming 3 15IAH7 i5 12500H8GB512GB4GB RTX3050120HzWin11 (82S9007TVN)',39,47),(323,_binary '','https://cdn.tgdd.vn/Products/Images/42/317981/Kit/oppo-find-n3-flip-bbh-1.jpg','OPPO Find N3 Flip 5G Hồng được OPPO cho ra mắt chính thức tại thị trường Việt Nam vào tháng 10/2023. Sản phẩm được hãng đầu tư mạnh mẽ về camera với độ phân giải lên đến 50 MP, cấu hình sử dụng chip Dimensity 9200 5G và thiết kế được thay đổi với bản lề gập mở tốt hơn cùng màu hồng sang trọng và nữ tính.\nBảng so sánh thông số kỹ thuật giữa OPPO Find N3 Flip 5G Hồng và OPPO Find N2 Flip\n\nDưới đây sẽ là bảng tổng hợp thông số kỹ thuật giữa hai thế hệ điện thoại gập của OPPO:',22990000,'https://firebasestorage.googleapis.com/v0/b/graduation-f97dc.appspot.com/o/2lqavamk0c8?alt=media&token=0d702ef0-fe9e-4ede-a27b-5b6efc3e24e4',23990000,18,'Điện thoại OPPO Find N3 Flip 5G Hồng',40,252),(327,_binary '','https://cdn.tgdd.vn/Products/Images/42/306980/Kit/oppo-reno-10-pro-plus-note.jpg','OPPO Reno10 Pro+ 5G là một sản phẩm tiếp nối sự thành công của thế hệ trước đó, với thiết kế đẹp mắt, cấu hình mạnh mẽ và máy ảnh chất lượng cao. Máy đáp ứng được nhu cầu giải trí, chụp ảnh và làm việc của người dùng, là lựa chọn hoàn hảo cho những ai đang tìm kiếm một chiếc điện thoại đa năng và hiện đại.\nTỏa sáng với diện mạo đẹp mắt\nReno10 Pro+ 5G là một sản phẩm đẳng cấp với kiểu dáng nguyên khối “sang - xịn - mịn”. Máy có viền màn hình mỏng và hình notch dạng nốt ruồi tối ưu diện tích hiển thị, mang lại trải nghiệm xem phim và chơi game tuyệt vời.',19990000,'https://firebasestorage.googleapis.com/v0/b/graduation-f97dc.appspot.com/o/bgsfje3vl6o?alt=media&token=f09dfe12-1ac5-476a-b32d-b9be80f8d447',21990000,18,'Điện thoại OPPO Reno10 Pro+ 5G',40,252),(331,_binary '','https://cdn.tgdd.vn/Products/Images/44/309373/Kit/asus-tuf-gaming-f15-fx506hc-i5-hn949w-note.jpg','Một sản phẩm laptop gaming đến từ nhà Asus sở hữu thông số cấu hình mạnh mẽ từ card RTX 30 series, tần số quét 144 Hz cùng thiết kế mạnh mẽ, nam tính. Laptop Asus TUF Gaming F15 FX506HC i5 11400H (HN949W) chắc chắn sẽ là trợ thủ đắc lực cùng bạn trong mọi chiến trường ảo.\n• Laptop Asus TUF Gaming được trang bị bộ vi xử lý Intel Core i5 11400H kết hợp cùng card rời NVIDIA GeForce RTX 3050 với 4 GB VRAM cho hiệu năng mạnh mẽ giúp người dùng có thể thao tác thoải mái với các phần mềm thiết kế đồ họa hay chiến các tựa game thịnh hành ở mức cấu hình cao.',18990000,'https://firebasestorage.googleapis.com/v0/b/graduation-f97dc.appspot.com/o/h2p43cqougg?alt=media&token=d4b12b12-e82a-43bb-aa8d-2461a8c0cd01',22990000,18,'Laptop Asus TUF Gaming F15 FX506HC i5 11400H16GB512GB4GB RTX3050144HzWin11',39,45),(335,_binary '','https://cdn.tgdd.vn/Products/Images/44/309375/Kit/asus-vivobook-16-x1605va-i5-mb360w-glr-note.jpg','Laptop Asus Vivobook 16 X1605VA i5 1335U (MB360W) là một chiếc laptop đa năng, phục vụ cho nhu cầu làm việc và giải trí hàng ngày của bạn. Với sức mạnh xử lý tốt từ chip Intel Gen 13, bộ nhớ RAM 16 GB, màn hình rộng 16 inch, sản phẩm này đáng xem xét cho những người muốn nâng cao trải nghiệm làm việc và giải trí của mình.\n• Vivobook 16 X1605VA được trang bị bộ vi xử lý Intel Core i5 1335U với 10 nhân và 12 luồng, cung cấp sức mạnh xử lý tốt các tác vụ đa nhiệm nhanh chóng và hiệu quả. Với tốc độ tối đa lên đến 4.6 GHz nhờ công nghệ Turbo Boost, bạn có thể thực hiện các tác vụ đa nhiệm mượt mà và xử lý các ứng dụng nặng một cách hiệu quả.\n',15990000,'https://firebasestorage.googleapis.com/v0/b/graduation-f97dc.appspot.com/o/sal3nn69rvg?alt=media&token=867b78da-ffe8-404e-9a16-8b04438a12a4',18990000,19,'Laptop Asus Vivobook 16 X1605VA i5 1335U16GB512GBWin11',39,45),(339,_binary '','https://cdn.tgdd.vn/Products/Images/86/251787/chuot-bluetooth-apple-mk2e3-trang-10.jpg','Chuột Apple MK2E3 làm việc hiệu quả cùng các thiết bị vận hành trên hệ điều hành MacOS\nTương thích tốt với hệ điều hành MacOS - Chuột Bluetooth Apple \nThiết kế chuột mỏng nhẹ, tinh tế, thêm sang trọng cho bàn làm việc\nChuột Bluetooth này nhẹ chỉ 80 g, kích thước gọn tay cầm, tạo tư thế cầm nắm thoải mái, chắc chắn, tránh gây mỏi cổ tay khi dùng lâu.\n\nPhần chân đế được tối ưu để dùng tốt trên mọi chất liệu mặt bàn, giúp chuột di chuyển nhanh nhạy và chuẩn xác theo từng lệnh thao tác.\n',1990000,'https://firebasestorage.googleapis.com/v0/b/graduation-f97dc.appspot.com/o/rru3tmcku08?alt=media&token=8d12427c-c32a-4e32-ad63-51096bc325c9',2490000,9,'Chuột Bluetooth Apple MK2E3',41,343),(347,_binary '','https://cdn.tgdd.vn/Products/Images/86/299933/chuot-khong-day-bluetooth-silent-rapoo-m650-tet-2023-thumb-01-600x600.jpg','Nổi bật với thiết kế đậm chất \"Xuân 2023\'\' cùng độ nhạy cao, chuột Không dây Bluetooth Silent Rapoo M650 hứa hẹn sẽ là món phụ kiện đáng đầu tư, đáp ứng hầu hết các yêu cầu khi làm việc và học tập hàng ngày của bạn.\n• Thiết kế bên ngoài vô cùng gọn gàng, màu đỏ chủ đạo nổi bật cùng hoạ tiết chú mèo thần tài dễ thương đem sắc xuân ngập tràn đến cho không gian làm việc của bạn.\n\n• Chuột được chế tác tỉ mỉ, vỏ ngoài chắc chắn cùng kiểu thiết kế mỏng giúp quá trình cất giữ thêm phần tiện lợi.\n\n• Chuột Rapoo với độ phân giải đạt 1300 DPI, cho phép chơi game hay thực hiện các tác vụ chỉnh sửa hình ảnh thông thường vô cùng tốt, đáp ứng yêu cầu cơ bản hàng ngày của bạn.\n\n• Kết nối không dây với 2 cách sau: Sử dụng đầu thu USB hoặc kết nối qua Bluetooth hiện đại, đa dạng sự lựa chọn cho người dùng. Kết nối dễ dàng cho hầu hết các dòng máy trên thị trường nhờ khả năng tương thích với các thiết bị sử dụng hệ điều hành Windows và macOS.',600000,'https://firebasestorage.googleapis.com/v0/b/graduation-f97dc.appspot.com/o/bq3fpllqq2o?alt=media&token=ebcbaae0-de6f-49c6-88bc-04cc523c01e6',700000,15,'Chuột Không dây Bluetooth Silent Rapoo M650 Lucky Cat',41,110),(351,_binary '','https://cdn.tgdd.vn/Products/Images/42/223602/Kit/iphone-13-n.jpg','Trong khi sức hút đến từ bộ 4 phiên bản iPhone 12 vẫn chưa nguội đi, thì hãng điện thoại Apple đã mang đến cho người dùng một siêu phẩm mới iPhone 13 với nhiều cải tiến thú vị sẽ mang lại những trải nghiệm hấp dẫn nhất cho người dùng.\nHiệu năng vượt trội nhờ chip Apple A15 Bionic\nCon chip Apple A15 Bionic siêu mạnh được sản xuất trên quy trình 5 nm giúp iPhone 13 đạt hiệu năng ấn tượng, với CPU nhanh hơn 50%, GPU nhanh hơn 30% so với các đối thủ trong cùng phân khúc.',15090000,'https://firebasestorage.googleapis.com/v0/b/graduation-f97dc.appspot.com/o/b4fnkec1b98?alt=media&token=4dd92cff-4ebe-424a-9027-87b4042c9a94',16990000,17,'iPhone 13 128GB',40,46),(355,_binary '','https://cdn.tgdd.vn/Products/Images/42/213031/Kit/iphone-12-note.jpg','Trong những tháng cuối năm 2020, Apple đã chính thức giới thiệu đến người dùng cũng như iFan thế hệ iPhone 12 series mới với hàng loạt tính năng bứt phá, thiết kế được lột xác hoàn toàn, hiệu năng đầy mạnh mẽ và một trong số đó chính là iPhone 12 64GB.\nHiệu năng vượt xa mọi giới hạn\nApple đã trang bị con chip mới nhất của hãng (tính đến 11/2020) cho iPhone 12 đó là A14 Bionic, được sản xuất trên tiến trình 5 nm với hiệu suất ổn định hơn so với chip A13 được trang bị trên phiên bản tiền nhiệm iPhone 11.',12990000,'https://firebasestorage.googleapis.com/v0/b/graduation-f97dc.appspot.com/o/td45pmmuum?alt=media&token=aaf1c479-8fad-434c-a002-ec892b57d66a',15990000,17,'iPhone 12 64GB',40,46),(537,_binary '','https://cdn.tgdd.vn/Products/Images/44/292394/Kit/lenovo-yoga-duet-7-13itl6-i5-82ma009nvn-note.jpg','Laptop Lenovo Yoga Duet 7 13ITL6 i5 (82MA009NVN) thuộc dòng laptop cao cấp 2 trong 1, vừa có thể sử dụng như máy tính thông thường vừa là tablet mỏng nhẹ, kết hợp hiệu năng ổn định giúp bạn hoàn thành mọi công việc một cách nhanh chóng.\n• Chiếc laptop Lenovo Yoga được trang bị con chip Intel Core i5 1135G7 mang đến hiệu năng vượt trội, kết hợp cùng card tích hợp Intel Iris Xe Graphics giúp bạn xử lý nhanh chóng các tác vụ văn phòng trên Office như Word, Excel,... cũng như chỉnh ảnh, video,... trên Canva, Lightroom, Photoshop,... \n',27490000,'https://firebasestorage.googleapis.com/v0/b/graduation-f97dc.appspot.com/o/trnv6csdsmg?alt=media&token=ae8a8b70-09c5-467f-b1f6-4dc4297862bd',28490000,15,'Laptop Lenovo Yoga Duet 7 13ITL6 i5 1135G78GB512GBTouchPenWin11 (82MA009NVN)',39,47),(538,_binary '','https://cdn.tgdd.vn/Products/Images/42/290829/Kit/samsung-galaxy-s23-plus-note-new.jpg','Samsung Galaxy S23+ 5G 256GB là chiếc điện thoại thuộc dòng cao cấp nhất của Samsung được giới thiệu vào tháng 02/2023. Máy sở hữu một vài điểm ấn tượng như camera có khả năng quay video 8K, cùng với đó là con chip Snapdragon 8 Gen 2 mạnh mẽ hàng đầu giới điện thoại Android.\nVẻ ngoài đẳng cấp xứng danh flagship\nẤn tượng đầu tiên của mình khi trên tay chiếc Galaxy S23+ là cái nhìn vuông vắn sang trọng, tổng thể máy được hoàn thiện từ các loại chất liệu cao cấp giúp mang đến trải nghiệm cầm nắm đầm tay hơn. ',18290000,'https://firebasestorage.googleapis.com/v0/b/graduation-f97dc.appspot.com/o/alatndqmreg?alt=media&token=c6230188-cb02-44ab-bba0-1ade3b402eba',26990000,15,'Điện thoại Samsung Galaxy S23+ 5G 256GB',39,251),(539,_binary '','https://cdn.tgdd.vn/Products/Images/44/299799/Kit/lenovo-thinkpad-e15-gen-4-i7-21e600cpvn-note.jpg','Laptop Lenovo ThinkPad E15 Gen 4 i7 (21E600CPVN) sở hữu những đặc điểm thiết kế hướng đến người dùng doanh nhân cần một chiếc laptop sang trọng - cao cấp có thân hình mỏng nhẹ nhưng vẫn được trang bị thông số kỹ thuật mạnh mẽ, có thể hoàn thành công việc nhanh chóng kể cả khi đang di chuyển.\nThân hình cứng cáp, bền bỉ trong mọi chuyến đi\nE15 Gen 4 có những đặc điểm thiết kế tương tự những thiết bị khác thuộc dòng Lenovo ThinkPad với lớp vỏ được làm từ chất liệu nhựa cứng, riêng nắp lưng được làm bằng kim loại để tăng thêm sự bền bỉ kể cả khi người dùng có nhu cầu thường xuyên di chuyển. Toàn bộ vỏ máy đều được sơn màu đen với một lớp hoàn thiện dạng nhám nhằm tránh bám dấu vân tay trong quá trình sử dụng.',28690000,'https://firebasestorage.googleapis.com/v0/b/graduation-f97dc.appspot.com/o/govudnpi25g?alt=media&token=e6451f34-617a-4bae-9435-e6c8f32e47ec',29690000,15,'Laptop Lenovo ThinkPad E15 Gen 4 i7 1260P16GB512GBWin11 (21E600CPVN)',39,47),(540,_binary '','https://cdn.tgdd.vn/Products/Images/42/250625/Kit/samsung-galaxy-z-fold4-note-new.jpg','Tại sự kiện Samsung Unpacked thường niên, Samsung Galaxy Z Fold4 256GB chính thức được trình làng thị trường công nghệ, mang trên mình nhiều cải tiến đáng giá giúp Galaxy Z Fold trở thành dòng điện thoại gập đã tốt nay càng tốt hơn.\nKiểu dáng gập mở tinh tế tạo nên sự khác biệt\nGalaxy Z Fold4 (2022) ra mắt với ngoại hình gần như là không đổi khi so với Galaxy Z Fold3, nếu bạn chỉ nhìn bề ngoài thì bạn sẽ khó lòng phân biệt được 2 sản phẩm này. Máy vẫn sử dụng khung viền Armor Aluminum bền bỉ, mặt kính màn hình phụ là Corning Gorilla Glass Victus+, mặt kính màn hình chính là Ultra Thin Glass.',21990000,'https://firebasestorage.googleapis.com/v0/b/graduation-f97dc.appspot.com/o/tt4k66pi6rg?alt=media&token=5dd030b1-de81-42f8-a3c4-527cfc424020',40990000,15,'Điện thoại Samsung Galaxy Z Fold4 5G 256GB',40,251),(541,_binary '','https://cdn.tgdd.vn/Products/Images/86/314638/chuot-khong-day-gaming-rapoo-vt960-pro-9.jpg','Chuột Không Dây Gaming Rapoo VT960 Pro được giới game thủ xem là trợ lý đắc lực cho những trận game, với kiểu dáng hầm hố, gam màu mạnh mẽ, hệ thống đèn LED RGB phong phú, thời lượng pin khủng, độ cảm biến cao, mang đến cho bạn những khoảnh khắc hoàn hảo.\n• Chuột không dây mang đến độ cảm biến quang học lên đến 26000 DPI, cho phép người dùng dễ dàng điều chỉnh phù hợp với từng tựa game.\n\n• Thiết kế chuột vô cùng ấn tượng, phù hợp cho người thuận tay trái và cả tay phải. Chất liệu cứng cáp và bền bỉ, hoạ tiết đẹp mắt, cầm nắm và di chuyển mượt mà.',1350000,'https://firebasestorage.googleapis.com/v0/b/graduation-f97dc.appspot.com/o/fr3uut4fij8?alt=media&token=3bb367ee-0746-4eaf-94d2-38f6402c12b0',1690000,13,'Chuột Không Dây Gaming Rapoo VT960 Pro',41,110),(542,_binary '','https://cdn.tgdd.vn/Products/Images/86/307841/chuot-co-day-gaming-rapoo-v25s-5.jpg','Chuột Có Dây Gaming Rapoo V25S sở hữu thiết kế đối xứng, độ phân giải lớn phù hợp với mọi game thủ, cảm biến mượt mà, dễ dàng điều khiển khi sử dụng, mang đến cho người dùng những trải nghiệm tốt nhất.\n• Kiểu dáng chuột mang hơi hướng gaming độc đáo, thiết kế công thái học cho phép cầm thoải mái và dễ chịu khi sử dụng lâu dài.\n\n• Hệ thống LED RGB 16 triệu màu cho phép bạn tùy chỉnh màu sắc đèn theo sở thích của bạn, nổi bật cả góc phòng khi sử dụng trong điều kiện thiếu sáng.\n\n• Độ phân giải 200 - 6200 DPI cho phản hồi nhanh chóng và chính xác, sản phẩm phù hợp để sử dụng nhiều mục đích, từ các tác vụ văn phòng cơ bản tới đồ hoạ hay chiến game yêu cầu độ nhạy và chính xác cao.',405000,'https://firebasestorage.googleapis.com/v0/b/graduation-f97dc.appspot.com/o/si53nui90tg?alt=media&token=519704ce-12d2-4ec1-8326-2125419629c2',450000,18,'Chuột Có Dây Gaming Rapoo V25S',41,110),(543,_binary '','https://cdn.tgdd.vn/Products/Images/44/314840/Kit/dell-inspiron-14-7430-i5-n7430i58w1-glr-note.jpg','Laptop Dell Inspiron 14 7430 i5 1335U (N7430I58W1) sở hữu hiệu năng vượt trội từ con chip Intel gen 13 hiện đại, tính năng gập mở 360 độ độc đáo, đây sẽ là trợ thủ đắc lực sẵn sàng cùng bạn xử lý mọi tác vụ học tập, văn phòng, giải trí khó nhằn.\n• Laptop Dell Inspiron sở hữu CPU Intel Core i5 1335U tân tiến kết hợp cùng card Intel Iris Xe Graphics cung cấp cho máy một hiệu năng mạnh mẽ, không chỉ xử lý dễ dàng mọi tác vụ học tập, văn phòng trên Word, Excel,... mà còn giúp bạn giải trí hay chỉnh sửa hình ảnh, video ngắn với Photoshop, AI,... một cách trơn tru, mượt mà.',23490000,'https://firebasestorage.googleapis.com/v0/b/graduation-f97dc.appspot.com/o/12mont1pa4?alt=media&token=86e8b1e1-2ea2-4af9-a11e-823562e1f771',24190000,15,'Laptop Dell Inspiron 14 T7430 i5 1335U8GB512GBTouchPenOfficeHSWin11 (N7430I58W1)',39,269),(544,_binary '','https://cdn.tgdd.vn/Products/Images/44/313619/Kit/lenovo-yoga-7-14irl8-i7-82yl006bvn-glr-fix-note.jpg','Dòng laptop Yoga từ nhà Lenovo luôn nổi tiếng với thiết kế mỏng nhẹ, kiểu dáng thanh lịch, sang trọng, tính năng xoay gập và cảm ứng độc đáo mang đến tính tiện lợi trong sử dụng. Laptop Lenovo Yoga 7 14IRL8 i7 1360P (82YL006BVN) được trang bị những tiện ích tân tiến cùng hiệu năng mạnh mẽ, sẽ mang đến cho người dùng những trải nghiệm sử dụng tối ưu nhất.\n• Laptop Lenovo Yoga được trang bị chip Intel Core i7 1360P thuộc thế hệ 13 hoàn toàn mới với xung nhịp tối đa lên đến 5.0 GHz kết hợp cùng card Intel Iris Xe Graphics giúp người dùng vận hành trơn tru các tác vụ từ văn phòng, học tập đến việc thiết kế các ấn phẩm 2D, 3D, render video,... cũng như giải trí với những tựa game nhẹ.',26490000,'https://firebasestorage.googleapis.com/v0/b/graduation-f97dc.appspot.com/o/vs51psbk5mg?alt=media&token=e60175d5-c828-4d9f-b69a-81fff1cef2d1',28990000,15,'Laptop Lenovo Yoga 7 14IRL8 i7 1360P16GB512GBTouchPenOfficeHSWin11 (82YL006BVN)',39,47),(545,_binary '','https://cdn.tgdd.vn/Products/Images/44/282827/apple-macbook-air-m2-2022-161122-112213.jpg','Sau 14 năm, ba lần sửa đổi và hai kiến trúc bộ vi xử lý khác nhau, kiểu dáng mỏng dần mang tính biểu tượng của MacBook Air đã đi vào lịch sử. Thay vào đó là một chiếc MacBook Air M2 với thiết kế hoàn toàn mới, độ dày không thay đổi tương tự như MacBook Pro, đánh bật mọi rào cản với con chip Apple M2 đầy mạnh mẽ.\nLột xác ngoạn mục với thiết kế thời thượng, sang trọng \nSự đẳng cấp đến từ ngoại hình của chiếc MacBook Air nhà Apple là điều không thể phủ nhận và khó có dòng sản phẩm cùng phân khúc nào có thể qua mặt được.',26590000,'https://firebasestorage.googleapis.com/v0/b/graduation-f97dc.appspot.com/o/9lnqbjppvj?alt=media&token=c535b6f2-f1e0-4cc5-a6ba-0cbc503f05fa',27090000,13,'Laptop Apple MacBook Air 13 inch M2 2022 8-core CPU8GB256GB8-core GPU (MLY13SAA)',39,67),(546,_binary '','https://cdn.tgdd.vn/Products/Images/42/303812/iphone-15-512gb-131023-110624.jpg','Thế Giới Di Động là một trong những nhà bán lẻ điện thoại di động lớn nhất Việt Nam, cung cấp đa dạng các sản phẩm iPhone 15 chính hãng với mức giá cạnh tranh. Dưới đây là một số lý do khiến bạn nên chọn mua iPhone 15 tại Thế Giới Di Động:\n\n• Chất lượng sản phẩm: Thế Giới Di Động cam kết cung cấp sản phẩm iPhone 15 chính hãng. Điều này giúp bạn yên tâm về chất lượng sản phẩm và được hưởng đầy đủ các quyền lợi bảo hành của Apple.\n\n• Ưu đãi và khuyến mãi: Thế Giới Di Động thường xuyên có các chương trình khuyến mãi, giảm giá và tặng quà kèm theo, giúp bạn tiết kiệm chi phí khi mua sắm.\n',21990000,'https://firebasestorage.googleapis.com/v0/b/graduation-f97dc.appspot.com/o/bn7urgr7bug?alt=media&token=1727f3c0-e3eb-462f-b0c4-858b9126f3a0',22990000,14,'iPhone 15 128GB',40,46),(547,_binary '','https://cdn.tgdd.vn/Products/Images/42/299033/iphone-15-pro-131023-034959.jpg','iPhone 15 Pro là một trong những chiếc điện thoại thông minh được mong đợi nhất năm 2023. Với nhiều tính năng mới và cải tiến, iPhone 15 Pro chắc chắn sẽ là một lựa chọn tuyệt vời cho những người dùng đang tìm kiếm một chiếc điện thoại cao cấp.\n\n• Chất lượng sản phẩm: Thế Giới Di Động cam kết cung cấp sản phẩm iPhone 15 Pro chính hãng và đảm bảo chất lượng. Điều này giúp bạn yên tâm về xuất xứ sản phẩm và có thể tận hưởng trải nghiệm sử dụng tốt nhất.\n\n• Ưu đãi và khuyến mãi: Thế Giới Di Động thường xuyên có các chương trình khuyến mãi, giảm giá và tặng quà kèm, giúp bạn tiết kiệm được một khoản tiền khi mua iPhone 15 Pro\n',28290000,'https://firebasestorage.googleapis.com/v0/b/graduation-f97dc.appspot.com/o/6ddj2kn2dc8?alt=media&token=c2c20fc7-0deb-4c94-b0e6-a500806b3f4e',28990000,13,'iPhone 15 Pro 128GB',40,46);
/*!40000 ALTER TABLE `product` ENABLE KEYS */;
UNLOCK TABLES;

--
-- Table structure for table `product_image`
--

DROP TABLE IF EXISTS `product_image`;
/*!40101 SET @saved_cs_client     = @@character_set_client */;
/*!50503 SET character_set_client = utf8mb4 */;
CREATE TABLE `product_image` (
  `product_id` bigint NOT NULL,
  `img_children` varchar(2000) DEFAULT NULL,
  KEY `FK6oo0cvcdtb6qmwsga468uuukk` (`product_id`),
  CONSTRAINT `FK6oo0cvcdtb6qmwsga468uuukk` FOREIGN KEY (`product_id`) REFERENCES `product` (`p_id`)
) ENGINE=InnoDB DEFAULT CHARSET=utf8mb4 COLLATE=utf8mb4_0900_ai_ci;
/*!40101 SET character_set_client = @saved_cs_client */;

--
-- Dumping data for table `product_image`
--

LOCK TABLES `product_image` WRITE;
/*!40000 ALTER TABLE `product_image` DISABLE KEYS */;
INSERT INTO `product_image` VALUES (68,'https://firebasestorage.googleapis.com/v0/b/graduation-f97dc.appspot.com/o/jpv70s61t4g?alt=media&token=daaee6ba-d5d4-48d0-be33-445f660eab9e'),(68,'https://firebasestorage.googleapis.com/v0/b/graduation-f97dc.appspot.com/o/qp2kqvb1vig?alt=media&token=10e070eb-4308-468b-9d43-e88152d5bdf6'),(68,'https://firebasestorage.googleapis.com/v0/b/graduation-f97dc.appspot.com/o/u8fmdsltiqo?alt=media&token=026fa665-99e1-4452-b1ce-de91fb92e99f'),(68,'https://firebasestorage.googleapis.com/v0/b/graduation-f97dc.appspot.com/o/87ch04u429?alt=media&token=41de3e0f-00b1-4dc1-8c75-e66cf645f76d'),(68,'https://firebasestorage.googleapis.com/v0/b/graduation-f97dc.appspot.com/o/qu7tdi2hdk?alt=media&token=ffe10949-1de9-4944-ab34-95875cd0accc'),(80,'https://firebasestorage.googleapis.com/v0/b/graduation-f97dc.appspot.com/o/pmu25lnbpl8?alt=media&token=31fb400f-fd1b-4198-852d-2735b4e3cbd0'),(80,'https://firebasestorage.googleapis.com/v0/b/graduation-f97dc.appspot.com/o/6vlo9poehg8?alt=media&token=47fe992c-c6c6-4f77-8bd5-f315def7bc52'),(80,'https://firebasestorage.googleapis.com/v0/b/graduation-f97dc.appspot.com/o/a2g728i4sog?alt=media&token=a0abb476-8f89-4e10-9a2d-8ad595c2d129'),(80,'https://firebasestorage.googleapis.com/v0/b/graduation-f97dc.appspot.com/o/uefhtn860sg?alt=media&token=526b9465-c0aa-4b8b-951a-b00d832af11c'),(80,'https://firebasestorage.googleapis.com/v0/b/graduation-f97dc.appspot.com/o/upkucb0rh1o?alt=media&token=c1767a98-7d46-401a-9994-7eb202c95d70'),(88,'https://firebasestorage.googleapis.com/v0/b/graduation-f97dc.appspot.com/o/hmdq37bkkkg?alt=media&token=24182bd3-60e9-4039-8fec-da37f7f85c16'),(88,'https://firebasestorage.googleapis.com/v0/b/graduation-f97dc.appspot.com/o/l8ub6a8obn8?alt=media&token=3fbb0522-9828-48f3-9439-d58c9d6343a0'),(88,'https://firebasestorage.googleapis.com/v0/b/graduation-f97dc.appspot.com/o/qumu6fe96v8?alt=media&token=856a1714-d853-4287-809e-39dafe05bb12'),(88,'https://firebasestorage.googleapis.com/v0/b/graduation-f97dc.appspot.com/o/6411gbaa6b8?alt=media&token=93e37fbb-d2ad-41b6-ba14-3019277d07cb'),(88,'https://firebasestorage.googleapis.com/v0/b/graduation-f97dc.appspot.com/o/t4em36h6q28?alt=media&token=9174c755-42ab-4f8f-a739-fe0d92d12188'),(92,'https://firebasestorage.googleapis.com/v0/b/graduation-f97dc.appspot.com/o/m3qqot7ntr?alt=media&token=dbad2be0-c5ee-48dd-800b-bae429b19b94'),(92,'https://firebasestorage.googleapis.com/v0/b/graduation-f97dc.appspot.com/o/ins5an485ug?alt=media&token=5698defb-bcb2-4079-83d3-cda8eb08e5fe'),(92,'https://firebasestorage.googleapis.com/v0/b/graduation-f97dc.appspot.com/o/hml6uvi8sig?alt=media&token=9bd77797-ed8d-49d5-b72d-cd269d6821a0'),(92,'https://firebasestorage.googleapis.com/v0/b/graduation-f97dc.appspot.com/o/ktr525kjp9g?alt=media&token=b3907538-66dc-4a78-b816-b98c1a83a93a'),(92,'https://firebasestorage.googleapis.com/v0/b/graduation-f97dc.appspot.com/o/jj50sqvi6j?alt=media&token=c5f4a340-d811-4126-ac90-5e3a78c2d5e4'),(99,'https://firebasestorage.googleapis.com/v0/b/graduation-f97dc.appspot.com/o/n2pgrihi7b8?alt=media&token=136fac51-1038-406a-841c-447f6581c4b3'),(99,'https://firebasestorage.googleapis.com/v0/b/graduation-f97dc.appspot.com/o/ap4de7nni0o?alt=media&token=7d46cda4-7fa7-4259-ba17-c9a19b528dc0'),(99,'https://firebasestorage.googleapis.com/v0/b/graduation-f97dc.appspot.com/o/rvauhm88lfo?alt=media&token=bd906115-87b9-4f4e-8e1e-ef470c86e9ad'),(99,'https://firebasestorage.googleapis.com/v0/b/graduation-f97dc.appspot.com/o/t1cg33imkb?alt=media&token=38950a62-eeb1-4b45-a5bc-90b95bcc9d53'),(99,'https://firebasestorage.googleapis.com/v0/b/graduation-f97dc.appspot.com/o/1fheiqv6o7?alt=media&token=c1437549-4a0a-4605-8269-14028e411170'),(103,'https://firebasestorage.googleapis.com/v0/b/graduation-f97dc.appspot.com/o/bhj0q6jffq?alt=media&token=d5481f80-5cd9-4845-b073-b025d13015c7'),(103,'https://firebasestorage.googleapis.com/v0/b/graduation-f97dc.appspot.com/o/2lkbi222ung?alt=media&token=cea9bcdf-a0e9-434a-8ac2-cc337aac7132'),(103,'https://firebasestorage.googleapis.com/v0/b/graduation-f97dc.appspot.com/o/170uholep5o?alt=media&token=884d6a1e-29fd-49bf-ba97-4d90d025e4d3'),(103,'https://firebasestorage.googleapis.com/v0/b/graduation-f97dc.appspot.com/o/j24676ivb5g?alt=media&token=aa26d443-388c-477b-9c56-2297ec37e90b'),(103,'https://firebasestorage.googleapis.com/v0/b/graduation-f97dc.appspot.com/o/4jobq6hh3ao?alt=media&token=b2d4d473-1704-4857-a490-cef19a207fff'),(112,'https://firebasestorage.googleapis.com/v0/b/graduation-f97dc.appspot.com/o/fqiiresk39o?alt=media&token=782511af-5a63-4992-a263-8c7ecb61c949'),(112,'https://firebasestorage.googleapis.com/v0/b/graduation-f97dc.appspot.com/o/43vvcdqk03?alt=media&token=18e9636b-25c5-44ed-a734-a28faac6cac1'),(112,'https://firebasestorage.googleapis.com/v0/b/graduation-f97dc.appspot.com/o/62t6g4rhg6o?alt=media&token=7114bcc6-c2ff-4af0-8a82-986e0bc5b5a0'),(112,'https://firebasestorage.googleapis.com/v0/b/graduation-f97dc.appspot.com/o/ifahi1p13o8?alt=media&token=bbac7096-5492-4c2d-b2e7-45ada692fadb'),(112,'https://firebasestorage.googleapis.com/v0/b/graduation-f97dc.appspot.com/o/37uk4scc3cg?alt=media&token=0c930ca5-0e0d-43c3-9d3f-6f0a6981fb25'),(116,'https://firebasestorage.googleapis.com/v0/b/graduation-f97dc.appspot.com/o/tj53qu78i08?alt=media&token=36d81033-377e-4887-bfbb-0a6150c470c6'),(116,'https://firebasestorage.googleapis.com/v0/b/graduation-f97dc.appspot.com/o/mu1phuicer?alt=media&token=27f73054-18d5-4c4c-bda1-c82bcdc9cb73'),(116,'https://firebasestorage.googleapis.com/v0/b/graduation-f97dc.appspot.com/o/js1jn24lcsg?alt=media&token=8c961b4a-42e8-4f6c-be35-f5b98372d71d'),(116,'https://firebasestorage.googleapis.com/v0/b/graduation-f97dc.appspot.com/o/3jpj1tnqlsg?alt=media&token=f9ff7bb4-78f0-475d-a806-f26ad775bf8a'),(116,'https://firebasestorage.googleapis.com/v0/b/graduation-f97dc.appspot.com/o/v26mu5k8k1?alt=media&token=195eb367-8050-48b3-a636-8236094a127c'),(178,'https://firebasestorage.googleapis.com/v0/b/graduation-f97dc.appspot.com/o/13qsjht4c6g?alt=media&token=cb161c18-f495-4518-9ef9-c139099bebcf'),(178,'https://firebasestorage.googleapis.com/v0/b/graduation-f97dc.appspot.com/o/t2j2rs92k7o?alt=media&token=7af412d8-8dde-4286-9cdd-daf8d4a94cd8'),(178,'https://firebasestorage.googleapis.com/v0/b/graduation-f97dc.appspot.com/o/apd3q7i5pbg?alt=media&token=8a2f7758-33ff-4bdc-8fe2-24e13ace5ba8'),(178,'https://firebasestorage.googleapis.com/v0/b/graduation-f97dc.appspot.com/o/67f9iai5v3g?alt=media&token=550fccc1-824b-4537-98d8-57e8c8ea2efc'),(178,'https://firebasestorage.googleapis.com/v0/b/graduation-f97dc.appspot.com/o/nlur3dfi9ig?alt=media&token=ee1ba173-c63a-476f-85ca-25fad71f44db'),(182,'https://firebasestorage.googleapis.com/v0/b/graduation-f97dc.appspot.com/o/snq9uovgg4o?alt=media&token=9de992ca-355d-4b09-a86b-db94a4ae2de2'),(182,'https://firebasestorage.googleapis.com/v0/b/graduation-f97dc.appspot.com/o/tddm4n6rtag?alt=media&token=33ed39da-7d4c-42a3-a80c-62fd5de2e86d'),(182,'https://firebasestorage.googleapis.com/v0/b/graduation-f97dc.appspot.com/o/2jlm958n4e?alt=media&token=7bfc3a80-b170-4fa0-b783-a124ac19cbf1'),(182,'https://firebasestorage.googleapis.com/v0/b/graduation-f97dc.appspot.com/o/83jp2qjngm?alt=media&token=27a65394-51c6-45ad-96a6-78af70ccab18'),(182,'https://firebasestorage.googleapis.com/v0/b/graduation-f97dc.appspot.com/o/3q3km7ilt1g?alt=media&token=13dd8744-5fe2-4fc0-9b74-4b602181dac7'),(186,'https://firebasestorage.googleapis.com/v0/b/graduation-f97dc.appspot.com/o/7tq4fakd0g8?alt=media&token=8beba36c-a61a-4e10-869b-3cb7532414f2'),(186,'https://firebasestorage.googleapis.com/v0/b/graduation-f97dc.appspot.com/o/70fkagm945?alt=media&token=362bd545-0072-4b68-a4bd-a3336fee87a0'),(186,'https://firebasestorage.googleapis.com/v0/b/graduation-f97dc.appspot.com/o/jnspaj0vgp8?alt=media&token=f091e2f1-251e-4361-811d-0c9ae8bd870c'),(186,'https://firebasestorage.googleapis.com/v0/b/graduation-f97dc.appspot.com/o/7pn4adohhu?alt=media&token=a91ba2d0-dd39-484c-9724-998c0e03ee32'),(186,'https://firebasestorage.googleapis.com/v0/b/graduation-f97dc.appspot.com/o/0i10odk969?alt=media&token=d09d8d9e-124e-4d42-8b51-939b2c2b888d'),(210,'https://firebasestorage.googleapis.com/v0/b/graduation-f97dc.appspot.com/o/9se0g89m0k?alt=media&token=f48b351e-85dc-42ce-9dac-dc63fcef2ad3'),(210,'https://firebasestorage.googleapis.com/v0/b/graduation-f97dc.appspot.com/o/k6shagp5c98?alt=media&token=0e3f2d22-5382-438b-a5a4-01832e93968b'),(210,'https://firebasestorage.googleapis.com/v0/b/graduation-f97dc.appspot.com/o/0g5e0kt6le8?alt=media&token=7f9857b0-81e7-48bc-9897-95e2c5fdeb4c'),(210,'https://firebasestorage.googleapis.com/v0/b/graduation-f97dc.appspot.com/o/vov30222e9?alt=media&token=aa96a56b-59d0-455d-a4a5-51f7fc095dd0'),(210,'https://firebasestorage.googleapis.com/v0/b/graduation-f97dc.appspot.com/o/voap8j855e8?alt=media&token=a3307269-f74f-4834-8e88-2bd1b26d2afb'),(214,'https://firebasestorage.googleapis.com/v0/b/graduation-f97dc.appspot.com/o/ecvhe9t11o?alt=media&token=68a5f7fa-123c-4e8b-8864-9c1fb102369b'),(214,'https://firebasestorage.googleapis.com/v0/b/graduation-f97dc.appspot.com/o/ah38r8emnv8?alt=media&token=e2d81bef-d92c-4d49-8e2b-43fe9079b178'),(214,'https://firebasestorage.googleapis.com/v0/b/graduation-f97dc.appspot.com/o/7ohpvjqd1jg?alt=media&token=f66903eb-ff95-4d1a-a03b-71544c6bbefb'),(214,'https://firebasestorage.googleapis.com/v0/b/graduation-f97dc.appspot.com/o/v16fq92jmj8?alt=media&token=9c9cd7bb-84eb-466a-b7ed-5d7fc9ee5765'),(214,'https://firebasestorage.googleapis.com/v0/b/graduation-f97dc.appspot.com/o/671l6esitc?alt=media&token=8cbd435a-96f5-4af2-9f27-ae8bc473fbe4'),(218,'https://firebasestorage.googleapis.com/v0/b/graduation-f97dc.appspot.com/o/3cv75u61svo?alt=media&token=d32c038e-ce72-4a68-9854-a10f54e6ad59'),(218,'https://firebasestorage.googleapis.com/v0/b/graduation-f97dc.appspot.com/o/3jfiv2bmql?alt=media&token=e7416bf2-1b08-45ba-b5a3-049469828553'),(218,'https://firebasestorage.googleapis.com/v0/b/graduation-f97dc.appspot.com/o/odd5nl666co?alt=media&token=5b3e7ae4-f644-4907-9b57-dcb4e6073e56'),(218,'https://firebasestorage.googleapis.com/v0/b/graduation-f97dc.appspot.com/o/ereamkljc68?alt=media&token=57e67664-b6b5-4820-9211-7e537a3c2a16'),(218,'https://firebasestorage.googleapis.com/v0/b/graduation-f97dc.appspot.com/o/vsm4uaivvn8?alt=media&token=e07853c1-688c-4f7a-9892-b30763e8ce7b'),(247,'https://firebasestorage.googleapis.com/v0/b/graduation-f97dc.appspot.com/o/i2p3f0ka8io?alt=media&token=10ccbab4-d33d-4801-b5a0-ad3e48fa6eb4'),(247,'https://firebasestorage.googleapis.com/v0/b/graduation-f97dc.appspot.com/o/irl4pieea2?alt=media&token=24b9d057-74a0-4bf0-925d-9f83265b108a'),(247,'https://firebasestorage.googleapis.com/v0/b/graduation-f97dc.appspot.com/o/6k86ot6k478?alt=media&token=b022b9e4-7224-4549-a405-5228c789e315'),(247,'https://firebasestorage.googleapis.com/v0/b/graduation-f97dc.appspot.com/o/2m67ggc3dao?alt=media&token=6348f685-6655-4f0b-aa52-4c4364e320b0'),(247,'https://firebasestorage.googleapis.com/v0/b/graduation-f97dc.appspot.com/o/osen3jo2tdo?alt=media&token=ea96a098-c339-4b72-a5da-af6121339f67'),(253,'https://firebasestorage.googleapis.com/v0/b/graduation-f97dc.appspot.com/o/hma8tugbmlo?alt=media&token=e5f46c99-a500-46c3-b02a-813745468f88'),(253,'https://firebasestorage.googleapis.com/v0/b/graduation-f97dc.appspot.com/o/gee00mshmn?alt=media&token=9a736bd2-d8c5-4659-91d8-cdf0eee2eecf'),(253,'https://firebasestorage.googleapis.com/v0/b/graduation-f97dc.appspot.com/o/9phnjrrsa3g?alt=media&token=c4e6e114-f4b3-40c8-8318-2f5a7e2a13b6'),(253,'https://firebasestorage.googleapis.com/v0/b/graduation-f97dc.appspot.com/o/s0rv8hs0olo?alt=media&token=d6c4c3fc-a43c-4486-8710-6eb8675a96e0'),(253,'https://firebasestorage.googleapis.com/v0/b/graduation-f97dc.appspot.com/o/jne8fv7eggg?alt=media&token=b6600c06-0801-41ac-9545-81550c076854'),(257,'https://firebasestorage.googleapis.com/v0/b/graduation-f97dc.appspot.com/o/54nd618t4m?alt=media&token=b2e0853b-5310-43a2-9b85-fb95cc4f8856'),(257,'https://firebasestorage.googleapis.com/v0/b/graduation-f97dc.appspot.com/o/u6a3i7rrsd?alt=media&token=af734139-812f-45ba-af43-b2966f35ef7e'),(257,'https://firebasestorage.googleapis.com/v0/b/graduation-f97dc.appspot.com/o/murtjkjucq8?alt=media&token=2cec1ddc-11d2-49c7-82bc-7315d9737244'),(257,'https://firebasestorage.googleapis.com/v0/b/graduation-f97dc.appspot.com/o/lsefprqcukg?alt=media&token=307aa3f4-2f72-4f41-af7f-5e55a3f4239e'),(257,'https://firebasestorage.googleapis.com/v0/b/graduation-f97dc.appspot.com/o/cal4lt02otg?alt=media&token=02085ed2-851e-411d-9f92-355cf97e8e7a'),(261,'https://firebasestorage.googleapis.com/v0/b/graduation-f97dc.appspot.com/o/9p6i8u1sqe?alt=media&token=238a769f-4261-4132-8126-3cc3425b0064'),(261,'https://firebasestorage.googleapis.com/v0/b/graduation-f97dc.appspot.com/o/9d9apuo93s8?alt=media&token=ba0b231e-b8b3-4b23-8395-0e7dfcf898aa'),(261,'https://firebasestorage.googleapis.com/v0/b/graduation-f97dc.appspot.com/o/39orcoboh7g?alt=media&token=9905a903-9116-4bce-a32c-5b7acf32f25d'),(261,'https://firebasestorage.googleapis.com/v0/b/graduation-f97dc.appspot.com/o/q1tsfvept4g?alt=media&token=ea79884c-e618-4aec-ab7d-8596fe03f9a3'),(261,'https://firebasestorage.googleapis.com/v0/b/graduation-f97dc.appspot.com/o/740tgvcp758?alt=media&token=f4aa996c-1d56-4194-bd06-dc3ec5437a6f'),(265,'https://firebasestorage.googleapis.com/v0/b/graduation-f97dc.appspot.com/o/ot0mgpnh6rg?alt=media&token=2af05f87-7e8d-4cf8-8c6e-4d0e39f0ab98'),(265,'https://firebasestorage.googleapis.com/v0/b/graduation-f97dc.appspot.com/o/2pm0q2u82o8?alt=media&token=9458184e-e37f-4c70-b3a9-2b3b1f225b98'),(265,'https://firebasestorage.googleapis.com/v0/b/graduation-f97dc.appspot.com/o/pnlpf59cfio?alt=media&token=feb2b2d2-8f96-485f-bec7-2231812255a4'),(265,'https://firebasestorage.googleapis.com/v0/b/graduation-f97dc.appspot.com/o/s9ao8199l1o?alt=media&token=e375adc2-a453-4b38-b03b-f43cc04c5fc1'),(265,'https://firebasestorage.googleapis.com/v0/b/graduation-f97dc.appspot.com/o/o0uc48h3jv8?alt=media&token=1a1213a8-04d3-439f-afcc-e5d08d813a2d'),(270,'https://firebasestorage.googleapis.com/v0/b/graduation-f97dc.appspot.com/o/u4261l93qlg?alt=media&token=0d6e15ce-6cc0-497a-b97a-5f73e8af4d1e'),(270,'https://firebasestorage.googleapis.com/v0/b/graduation-f97dc.appspot.com/o/q7s3a7eb24g?alt=media&token=6e4847f4-ef78-45e0-9ced-c3c718e5336c'),(270,'https://firebasestorage.googleapis.com/v0/b/graduation-f97dc.appspot.com/o/5s5hpqi6m0g?alt=media&token=fbc65653-4d61-458c-8147-683a2ecf8302'),(270,'https://firebasestorage.googleapis.com/v0/b/graduation-f97dc.appspot.com/o/99mv519cv8g?alt=media&token=910448ce-1ab1-4f0d-93fb-3d7ab06961a0'),(270,'https://firebasestorage.googleapis.com/v0/b/graduation-f97dc.appspot.com/o/lcm0i5t0j4o?alt=media&token=121da3fd-654b-47f4-9e2e-7cf2a7ea3815'),(274,'https://firebasestorage.googleapis.com/v0/b/graduation-f97dc.appspot.com/o/98gtt9qkerg?alt=media&token=d1d4298f-28b1-47db-a3bb-e00cb0d3e630'),(274,'https://firebasestorage.googleapis.com/v0/b/graduation-f97dc.appspot.com/o/3vmnh222s7g?alt=media&token=7293ec40-c506-4c75-a5ac-0ca6720506aa'),(274,'https://firebasestorage.googleapis.com/v0/b/graduation-f97dc.appspot.com/o/is5t1f5gl8g?alt=media&token=4e5673f9-e6df-4df1-8464-8f77248b9885'),(274,'https://firebasestorage.googleapis.com/v0/b/graduation-f97dc.appspot.com/o/bmlb809trb8?alt=media&token=c23e54d5-a5df-48a1-8cb9-ed744203cdaa'),(274,'https://firebasestorage.googleapis.com/v0/b/graduation-f97dc.appspot.com/o/0pj936cf43?alt=media&token=1d41405e-46f5-423a-b97f-503751243e21'),(278,'https://firebasestorage.googleapis.com/v0/b/graduation-f97dc.appspot.com/o/34dnnlelufg?alt=media&token=c6af8e22-54c9-48cc-8d01-e4aa1e0e35de'),(278,'https://firebasestorage.googleapis.com/v0/b/graduation-f97dc.appspot.com/o/ci4nhgmet3g?alt=media&token=b5c67f3f-a523-4f22-aac6-0504bac9d615'),(278,'https://firebasestorage.googleapis.com/v0/b/graduation-f97dc.appspot.com/o/6ugqt5374qg?alt=media&token=a1159167-f671-4d1a-bdbc-9a63167bcfd1'),(278,'https://firebasestorage.googleapis.com/v0/b/graduation-f97dc.appspot.com/o/57t9ttd4o9o?alt=media&token=5ac0b7b0-8e93-4d79-a646-5d0688ea9824'),(278,'https://firebasestorage.googleapis.com/v0/b/graduation-f97dc.appspot.com/o/kagguufkc1o?alt=media&token=fefadf86-6881-48bd-9a7f-d9e543c6da57'),(323,'https://firebasestorage.googleapis.com/v0/b/graduation-f97dc.appspot.com/o/k92n0s1moc?alt=media&token=d19a993f-64aa-4c1d-95d6-693df6a9b52f'),(323,'https://firebasestorage.googleapis.com/v0/b/graduation-f97dc.appspot.com/o/qpttt1eis0g?alt=media&token=deab186a-0e37-49a0-b5e0-1a6db2e7ae93'),(323,'https://firebasestorage.googleapis.com/v0/b/graduation-f97dc.appspot.com/o/r2rmd9upcl8?alt=media&token=12a79527-a6f5-4d30-a55f-2bf742a2730b'),(323,'https://firebasestorage.googleapis.com/v0/b/graduation-f97dc.appspot.com/o/jp95nl6pjog?alt=media&token=6231faa1-5af4-45f4-9761-3eebbf7fc362'),(323,'https://firebasestorage.googleapis.com/v0/b/graduation-f97dc.appspot.com/o/9gio4r37lk8?alt=media&token=69df7dd1-89e2-483d-8d21-e8739f44f54a'),(327,'https://firebasestorage.googleapis.com/v0/b/graduation-f97dc.appspot.com/o/nul6eg5thpg?alt=media&token=c2b26d6a-40b0-4c13-ba47-9c7479983811'),(327,'https://firebasestorage.googleapis.com/v0/b/graduation-f97dc.appspot.com/o/ur1brc4gu1o?alt=media&token=4448cd80-c5f7-4659-ac06-e19c5ba0258a'),(327,'https://firebasestorage.googleapis.com/v0/b/graduation-f97dc.appspot.com/o/t4r141g7d7?alt=media&token=37d8454e-6a7b-4ee7-8c4e-81ecfb486ef2'),(327,'https://firebasestorage.googleapis.com/v0/b/graduation-f97dc.appspot.com/o/c0j2g10bq9?alt=media&token=d3a598df-3412-43fc-8ee9-ce0ce9ada87e'),(327,'https://firebasestorage.googleapis.com/v0/b/graduation-f97dc.appspot.com/o/v95depi4a88?alt=media&token=998c4608-d0a9-451d-a5c1-0ad42fb3d138'),(331,'https://firebasestorage.googleapis.com/v0/b/graduation-f97dc.appspot.com/o/mimsgu36ijo?alt=media&token=97b43c63-679d-4b90-a738-8bce66e3d20b'),(331,'https://firebasestorage.googleapis.com/v0/b/graduation-f97dc.appspot.com/o/f0j406pvh4o?alt=media&token=b62c362c-b6c6-4b86-a780-263bb3480c86'),(331,'https://firebasestorage.googleapis.com/v0/b/graduation-f97dc.appspot.com/o/9ss5m1r7d88?alt=media&token=18e51504-08cf-40a6-bc6b-42d612d4466a'),(331,'https://firebasestorage.googleapis.com/v0/b/graduation-f97dc.appspot.com/o/cqqn6ei17co?alt=media&token=a368e317-e8b7-4b28-bd60-18f6bc2237a0'),(331,'https://firebasestorage.googleapis.com/v0/b/graduation-f97dc.appspot.com/o/u2s8cj281r8?alt=media&token=403c8ff8-9ad0-4bda-849e-8645b6831e89'),(335,'https://firebasestorage.googleapis.com/v0/b/graduation-f97dc.appspot.com/o/ekrs8e1kut?alt=media&token=2512f2bb-d3ab-4f18-a0d4-2fdccee563d1'),(335,'https://firebasestorage.googleapis.com/v0/b/graduation-f97dc.appspot.com/o/r3rhrvb535g?alt=media&token=533c4f10-9922-484b-ad4c-96b4ce52b8c9'),(335,'https://firebasestorage.googleapis.com/v0/b/graduation-f97dc.appspot.com/o/u8kctfuggc?alt=media&token=bfa7273b-3b80-4b35-a183-6c52d9e41d23'),(335,'https://firebasestorage.googleapis.com/v0/b/graduation-f97dc.appspot.com/o/m7d9dgfictg?alt=media&token=9df5b8b1-1280-482b-a3b4-6af7d0fdc7ad'),(335,'https://firebasestorage.googleapis.com/v0/b/graduation-f97dc.appspot.com/o/fosufsidbm?alt=media&token=80c12d1f-5bd6-457c-a47b-7d256da24e94'),(339,'https://firebasestorage.googleapis.com/v0/b/graduation-f97dc.appspot.com/o/luufmm8a138?alt=media&token=5260486e-5f63-4390-b610-91f5a16fab56'),(339,'https://firebasestorage.googleapis.com/v0/b/graduation-f97dc.appspot.com/o/59bf3p4cm1?alt=media&token=5509d87c-9f12-4551-aad2-939342880f2a'),(339,'https://firebasestorage.googleapis.com/v0/b/graduation-f97dc.appspot.com/o/55ngugdijl?alt=media&token=6357a0b5-a897-450c-ac63-9d1a29ce2bda'),(339,'https://firebasestorage.googleapis.com/v0/b/graduation-f97dc.appspot.com/o/9msd74556vg?alt=media&token=5c1a115b-6424-4760-ba19-89bb3bed9200'),(339,'https://firebasestorage.googleapis.com/v0/b/graduation-f97dc.appspot.com/o/sofmk21mcug?alt=media&token=dcc4d835-79db-4f29-b9be-e157d128798c'),(347,'https://firebasestorage.googleapis.com/v0/b/graduation-f97dc.appspot.com/o/3olnbeisrr8?alt=media&token=57458db9-56a9-49ba-817c-86cbda19d5db'),(347,'https://firebasestorage.googleapis.com/v0/b/graduation-f97dc.appspot.com/o/ro3fnvut3go?alt=media&token=24438617-16c5-4779-a882-07af9735227b'),(347,'https://firebasestorage.googleapis.com/v0/b/graduation-f97dc.appspot.com/o/pacgmqol7u?alt=media&token=34c74266-ded6-4fb2-83b9-4778c9d13d61'),(347,'https://firebasestorage.googleapis.com/v0/b/graduation-f97dc.appspot.com/o/16e70eg72mg?alt=media&token=813ccb03-5d01-40b0-b1a0-5f11dc826612'),(351,'https://firebasestorage.googleapis.com/v0/b/graduation-f97dc.appspot.com/o/ci1k28tk95g?alt=media&token=fe82dece-9a10-4961-8439-92afde67573b'),(351,'https://firebasestorage.googleapis.com/v0/b/graduation-f97dc.appspot.com/o/orr7bgcn9uo?alt=media&token=285382bc-7803-4d94-bccb-400910cbaedd'),(351,'https://firebasestorage.googleapis.com/v0/b/graduation-f97dc.appspot.com/o/mvjpu5nlf2o?alt=media&token=bec6dd05-7f2d-46c9-95e5-7ae5392b3480'),(351,'https://firebasestorage.googleapis.com/v0/b/graduation-f97dc.appspot.com/o/8av80fh1beo?alt=media&token=89127064-9135-49c7-9d23-d2fa6687ff41'),(351,'https://firebasestorage.googleapis.com/v0/b/graduation-f97dc.appspot.com/o/j4m94tljtso?alt=media&token=e474f4dc-dbdb-42ad-bb58-24ebda16c80c'),(355,'https://firebasestorage.googleapis.com/v0/b/graduation-f97dc.appspot.com/o/jv8q3g91img?alt=media&token=890fcead-a3b9-4aff-9b01-4edabeb61092'),(355,'https://firebasestorage.googleapis.com/v0/b/graduation-f97dc.appspot.com/o/d23vpgc5oro?alt=media&token=2c681a2c-6283-4bb6-af11-3936a23e9130'),(355,'https://firebasestorage.googleapis.com/v0/b/graduation-f97dc.appspot.com/o/gj3dppp1uig?alt=media&token=0935986f-372e-402e-b734-ed3493cd827a'),(355,'https://firebasestorage.googleapis.com/v0/b/graduation-f97dc.appspot.com/o/84ldqmmn2ro?alt=media&token=3f56f938-5ae4-424d-b616-cb94a57f57f4'),(355,'https://firebasestorage.googleapis.com/v0/b/graduation-f97dc.appspot.com/o/b6bpue7nv3?alt=media&token=0df26c20-70f1-4dc7-99f6-262a45d848e5'),(537,'https://firebasestorage.googleapis.com/v0/b/graduation-f97dc.appspot.com/o/t3gov9rnk2o?alt=media&token=b8e11d52-8a09-422c-ae78-288a7e8ec221'),(537,'https://firebasestorage.googleapis.com/v0/b/graduation-f97dc.appspot.com/o/pbhu1beddeg?alt=media&token=1e2f37fe-ba97-481d-831d-3922a2e16ab5'),(537,'https://firebasestorage.googleapis.com/v0/b/graduation-f97dc.appspot.com/o/ba1ded1v3o8?alt=media&token=f2dca08f-2bae-4c28-bf5b-a00f69e8dc20'),(537,'https://firebasestorage.googleapis.com/v0/b/graduation-f97dc.appspot.com/o/fs6lrorjpd8?alt=media&token=aec8b6a1-6391-48f7-a19c-224a02e70914'),(537,'https://firebasestorage.googleapis.com/v0/b/graduation-f97dc.appspot.com/o/8hbhva3co1g?alt=media&token=38416b59-758a-4f05-9d88-fe9ec52c24c4'),(538,'https://firebasestorage.googleapis.com/v0/b/graduation-f97dc.appspot.com/o/fbd7h8pah5o?alt=media&token=9bfbef7e-7629-47e3-ab1a-2439ccc290d1'),(538,'https://firebasestorage.googleapis.com/v0/b/graduation-f97dc.appspot.com/o/84ofmh1lnao?alt=media&token=29d164b1-9b11-40f7-bd22-d5172772f8fc'),(538,'https://firebasestorage.googleapis.com/v0/b/graduation-f97dc.appspot.com/o/j7o2udds4do?alt=media&token=5af5e5a1-4057-47c1-9810-7b2cf75eb19a'),(538,'https://firebasestorage.googleapis.com/v0/b/graduation-f97dc.appspot.com/o/7hidg3oshg8?alt=media&token=83ba5efe-b19c-4f59-ac10-2047d223913d'),(538,'https://firebasestorage.googleapis.com/v0/b/graduation-f97dc.appspot.com/o/ctjmcd36uuo?alt=media&token=9c0438dd-ff1f-4111-b330-3885fca6fba1'),(539,'https://firebasestorage.googleapis.com/v0/b/graduation-f97dc.appspot.com/o/54urv6u47qg?alt=media&token=f5863aae-1aef-49c2-ba16-2e597c9212b1'),(539,'https://firebasestorage.googleapis.com/v0/b/graduation-f97dc.appspot.com/o/qq1lrr4p708?alt=media&token=352e6e03-2e45-4c55-9a42-7ed17774c883'),(539,'https://firebasestorage.googleapis.com/v0/b/graduation-f97dc.appspot.com/o/tkmrpcjkr2g?alt=media&token=2040ff1b-f398-4f27-a883-ac9b72ce8e7a'),(539,'https://firebasestorage.googleapis.com/v0/b/graduation-f97dc.appspot.com/o/17p6s4o7jfg?alt=media&token=dcb6231a-13d4-4054-a12e-6998225c17fa'),(539,'https://firebasestorage.googleapis.com/v0/b/graduation-f97dc.appspot.com/o/tle1ul3hrqg?alt=media&token=fe59764c-caba-4c52-86ec-00c025aba5ef'),(540,'https://firebasestorage.googleapis.com/v0/b/graduation-f97dc.appspot.com/o/9uf9hjss4s8?alt=media&token=10804773-fcf8-4da1-8dcb-475a53d07ee3'),(540,'https://firebasestorage.googleapis.com/v0/b/graduation-f97dc.appspot.com/o/55atrgrnlp?alt=media&token=1108c644-e361-41ff-8071-dac1cde1ce34'),(540,'https://firebasestorage.googleapis.com/v0/b/graduation-f97dc.appspot.com/o/qjbjup1oi8o?alt=media&token=b832a50e-6ee9-4a7d-8958-007afb03e471'),(540,'https://firebasestorage.googleapis.com/v0/b/graduation-f97dc.appspot.com/o/p7lioc3gafg?alt=media&token=081cf955-6442-4f47-9579-a6d078165a53'),(540,'https://firebasestorage.googleapis.com/v0/b/graduation-f97dc.appspot.com/o/042k587prrg?alt=media&token=1b3ae7f5-17d0-43be-bcc7-71f56d6d7769'),(541,'https://firebasestorage.googleapis.com/v0/b/graduation-f97dc.appspot.com/o/fr484llco7g?alt=media&token=165f235b-8f1d-4d58-8d62-eebd3df1b061'),(541,'https://firebasestorage.googleapis.com/v0/b/graduation-f97dc.appspot.com/o/8us0m2uk5so?alt=media&token=c7a403cc-db80-4f7c-b5eb-52ffb5811651'),(541,'https://firebasestorage.googleapis.com/v0/b/graduation-f97dc.appspot.com/o/lq71i9n6mu?alt=media&token=2ecd92ed-2e10-4851-9b92-e748eacd9af2'),(541,'https://firebasestorage.googleapis.com/v0/b/graduation-f97dc.appspot.com/o/mk7ehmdo22?alt=media&token=f9459849-c3e9-430a-89fe-8504912b826c'),(541,'https://firebasestorage.googleapis.com/v0/b/graduation-f97dc.appspot.com/o/ete9ajhkphg?alt=media&token=32cbe36e-07cf-4ffb-b2a2-e6ecc8c320a3'),(542,'https://firebasestorage.googleapis.com/v0/b/graduation-f97dc.appspot.com/o/0h4sd2skeqo?alt=media&token=f5d8437f-8788-4a4f-89eb-573a5fe49f4f'),(542,'https://firebasestorage.googleapis.com/v0/b/graduation-f97dc.appspot.com/o/nm9um7e72o?alt=media&token=dd4a6cdc-73ac-4253-bf9d-40f802f197f4'),(542,'https://firebasestorage.googleapis.com/v0/b/graduation-f97dc.appspot.com/o/6ssru9qq0fg?alt=media&token=b6b14d8d-cdbc-41a5-a786-64f1f92e6327'),(542,'https://firebasestorage.googleapis.com/v0/b/graduation-f97dc.appspot.com/o/k3eik5irtuo?alt=media&token=d3d596a4-d64e-4a9d-9dcf-ea59e4337cc5'),(542,'https://firebasestorage.googleapis.com/v0/b/graduation-f97dc.appspot.com/o/s5ffeae772g?alt=media&token=2b005fd4-904f-4473-8b88-8c1cd10145ca'),(543,'https://firebasestorage.googleapis.com/v0/b/graduation-f97dc.appspot.com/o/kj4s80lam6o?alt=media&token=322c3730-26d3-40e6-b2ff-220240395284'),(543,'https://firebasestorage.googleapis.com/v0/b/graduation-f97dc.appspot.com/o/61jt4fh7cgo?alt=media&token=760c13e0-81bc-4e04-b091-c4b920c551ef'),(543,'https://firebasestorage.googleapis.com/v0/b/graduation-f97dc.appspot.com/o/oag0ld8ddeg?alt=media&token=de5de886-bfd1-4a60-bf46-4153ec9dc1f2'),(543,'https://firebasestorage.googleapis.com/v0/b/graduation-f97dc.appspot.com/o/tna7q5rr05?alt=media&token=bcc4a312-b327-4485-9241-342c35fdba4e'),(543,'https://firebasestorage.googleapis.com/v0/b/graduation-f97dc.appspot.com/o/p1gvcat4dug?alt=media&token=f839feba-5607-40b0-9e12-f9d9b66180f5'),(544,'https://firebasestorage.googleapis.com/v0/b/graduation-f97dc.appspot.com/o/msjcfp5pl3?alt=media&token=6e15978b-2111-4de8-9a6d-0ba0eecbbec6'),(544,'https://firebasestorage.googleapis.com/v0/b/graduation-f97dc.appspot.com/o/atvfvo5udmg?alt=media&token=69c3ff43-256a-4dde-9ea3-3922038e7ebc'),(544,'https://firebasestorage.googleapis.com/v0/b/graduation-f97dc.appspot.com/o/sk87k2kgchg?alt=media&token=0ba4ac61-ec02-4be0-89c9-bdc633ca4f26'),(544,'https://firebasestorage.googleapis.com/v0/b/graduation-f97dc.appspot.com/o/203lqruaduo?alt=media&token=c4f78840-905d-4831-b291-7477fc46017e'),(544,'https://firebasestorage.googleapis.com/v0/b/graduation-f97dc.appspot.com/o/alumok7pqco?alt=media&token=d0e6df59-d8df-4760-8209-8b4d2f7bdf6d'),(545,'https://firebasestorage.googleapis.com/v0/b/graduation-f97dc.appspot.com/o/plv7msu7q8?alt=media&token=78595572-f358-459d-93ed-2e30428a7a62'),(545,'https://firebasestorage.googleapis.com/v0/b/graduation-f97dc.appspot.com/o/fgcsqu8vi9o?alt=media&token=2f46bf41-a784-48c0-9f1c-cb6d42eb7fce'),(545,'https://firebasestorage.googleapis.com/v0/b/graduation-f97dc.appspot.com/o/hehbuph1gi?alt=media&token=ebfb1b23-a7bf-4fef-9d18-4b23bbe04111'),(545,'https://firebasestorage.googleapis.com/v0/b/graduation-f97dc.appspot.com/o/8ilqo6ugev8?alt=media&token=c700e54f-1bd8-43f3-b606-58dd59e9fa82'),(545,'https://firebasestorage.googleapis.com/v0/b/graduation-f97dc.appspot.com/o/ggusg07p5og?alt=media&token=fda313b3-e230-4cd6-85dd-0e0f57b2a652'),(547,'https://firebasestorage.googleapis.com/v0/b/graduation-f97dc.appspot.com/o/rokmdmionf8?alt=media&token=04044853-fd65-4437-9241-e349761799ab'),(547,'https://firebasestorage.googleapis.com/v0/b/graduation-f97dc.appspot.com/o/cfc79h24i3?alt=media&token=f33a76a0-4f6a-4525-b3b2-1cf2528d90fd'),(547,'https://firebasestorage.googleapis.com/v0/b/graduation-f97dc.appspot.com/o/3rfmk9ucli?alt=media&token=0ad9c916-bb2d-42df-a21e-aa9bd0383658'),(547,'https://firebasestorage.googleapis.com/v0/b/graduation-f97dc.appspot.com/o/qsqhour6de8?alt=media&token=5a7133a2-ff63-47b6-8755-b43be410ada2'),(547,'https://firebasestorage.googleapis.com/v0/b/graduation-f97dc.appspot.com/o/d8mbphj1gmo?alt=media&token=6e35988a-b353-4ab5-b98e-a4b0fb643078'),(546,'https://firebasestorage.googleapis.com/v0/b/graduation-f97dc.appspot.com/o/vmskbtg78p?alt=media&token=a4f73c0a-736d-4348-820b-835621055717'),(546,'https://firebasestorage.googleapis.com/v0/b/graduation-f97dc.appspot.com/o/u9jkflsqbt8?alt=media&token=ccec1989-575a-4cdc-9629-ba858ce54598'),(546,'https://firebasestorage.googleapis.com/v0/b/graduation-f97dc.appspot.com/o/43a1760p0fo?alt=media&token=f9a116ad-87bd-4488-9b9b-4c857e0a2f4a'),(546,'https://firebasestorage.googleapis.com/v0/b/graduation-f97dc.appspot.com/o/c9hgmvgscso?alt=media&token=f5a640a3-c6f3-468f-8d47-f3cf60b93f21'),(546,'https://firebasestorage.googleapis.com/v0/b/graduation-f97dc.appspot.com/o/ff4mvi16rlg?alt=media&token=ca3dd0f7-8d6d-4ae9-933b-4f4716beb178');
/*!40000 ALTER TABLE `product_image` ENABLE KEYS */;
UNLOCK TABLES;

--
-- Table structure for table `return_order`
--

DROP TABLE IF EXISTS `return_order`;
/*!40101 SET @saved_cs_client     = @@character_set_client */;
/*!50503 SET character_set_client = utf8mb4 */;
CREATE TABLE `return_order` (
  `return_id` bigint NOT NULL,
  `date_return` datetime(6) DEFAULT NULL,
  `note` varchar(255) DEFAULT NULL,
  `order_order_id` bigint DEFAULT NULL,
  PRIMARY KEY (`return_id`),
  KEY `FKi9x2yebkq3yq9gyyay3m9e0nq` (`order_order_id`),
  CONSTRAINT `FKi9x2yebkq3yq9gyyay3m9e0nq` FOREIGN KEY (`order_order_id`) REFERENCES `orders` (`order_id`)
) ENGINE=InnoDB DEFAULT CHARSET=utf8mb4 COLLATE=utf8mb4_0900_ai_ci;
/*!40101 SET character_set_client = @saved_cs_client */;

--
-- Dumping data for table `return_order`
--

LOCK TABLES `return_order` WRITE;
/*!40000 ALTER TABLE `return_order` DISABLE KEYS */;
INSERT INTO `return_order` VALUES (665,'2024-01-05 13:51:47.825000','Sản phẩm bị vỡ',579),(666,'2024-01-05 14:23:56.146000','Khác với mô tả',647),(670,'2024-01-05 15:11:25.566000','Người bán gửi sai hàng',470);
/*!40000 ALTER TABLE `return_order` ENABLE KEYS */;
UNLOCK TABLES;

--
-- Table structure for table `review`
--

DROP TABLE IF EXISTS `review`;
/*!40101 SET @saved_cs_client     = @@character_set_client */;
/*!50503 SET character_set_client = utf8mb4 */;
CREATE TABLE `review` (
  `re_id` bigint NOT NULL,
  `content` varchar(10000) DEFAULT NULL,
  `date_create` datetime(6) DEFAULT NULL,
  `image` varchar(255) DEFAULT NULL,
  `value` double DEFAULT NULL,
  `product_p_id` bigint DEFAULT NULL,
  `user_userid` bigint DEFAULT NULL,
  `active` bit(1) NOT NULL,
  PRIMARY KEY (`re_id`),
  KEY `FKdv7e6vptyf7anxx6h8b1penin` (`product_p_id`),
  KEY `FK5i9ykv5jwiju0k98vupg5q8jj` (`user_userid`),
  CONSTRAINT `FK5i9ykv5jwiju0k98vupg5q8jj` FOREIGN KEY (`user_userid`) REFERENCES `user` (`userid`),
  CONSTRAINT `FKdv7e6vptyf7anxx6h8b1penin` FOREIGN KEY (`product_p_id`) REFERENCES `product` (`p_id`)
) ENGINE=InnoDB DEFAULT CHARSET=utf8mb4 COLLATE=utf8mb4_0900_ai_ci;
/*!40101 SET character_set_client = @saved_cs_client */;

--
-- Dumping data for table `review`
--

LOCK TABLES `review` WRITE;
/*!40000 ALTER TABLE `review` DISABLE KEYS */;
INSERT INTO `review` VALUES (177,'Sản phẩm đẹp xài tốt đáng để mua!','2023-11-03 16:55:27.999000','https://firebasestorage.googleapis.com/v0/b/graduation-f97dc.appspot.com/o/vomlibsh1t8?alt=media&token=cde8447c-a3da-479b-b998-f8e3b6767e21',5,68,146,_binary ''),(204,'Demo','2023-11-08 09:12:36.166000','',5,182,192,_binary ''),(237,'Điện thoại đẹp đáng tiền mua!','2023-11-13 14:49:47.508000','https://firebasestorage.googleapis.com/v0/b/graduation-f97dc.appspot.com/o/us7o0urb6t8?alt=media&token=54341229-4178-4f44-bd51-3ed2cddb23c6',5,92,36,_binary ''),(238,'Laptop xài tốt đẹp đáng tiền mua!','2023-11-13 14:50:46.649000','https://firebasestorage.googleapis.com/v0/b/graduation-f97dc.appspot.com/o/oo9embngej?alt=media&token=20acd6ff-4a83-44fb-b04c-caac0147f743',5,80,36,_binary ''),(239,'Lần đầu mua chuột này xài tốt lắm','2023-11-13 14:51:40.754000','https://firebasestorage.googleapis.com/v0/b/graduation-f97dc.appspot.com/o/qjldvd9egmg?alt=media&token=6610f845-5454-47b0-84d4-a8aad9fadd6a',5,103,36,_binary ''),(240,'Chuột này xài tốt giá ổn!','2023-11-13 14:52:19.849000','https://firebasestorage.googleapis.com/v0/b/graduation-f97dc.appspot.com/o/6m9p0lr7eu8?alt=media&token=128cb256-100f-46c0-95ff-49e9e0fd5fd0',5,112,36,_binary ''),(241,'Laptop mạnh chơi game mượt không giật lag!','2023-11-13 14:55:05.743000','https://firebasestorage.googleapis.com/v0/b/graduation-f97dc.appspot.com/o/vmrcljtn67g?alt=media&token=57b15882-7a90-4c0f-87df-08628041532f',5,178,190,_binary ''),(242,'Shop đóng gói cẩn thận, điện thoại quá đẹp!','2023-11-13 14:56:36.122000','https://firebasestorage.googleapis.com/v0/b/graduation-f97dc.appspot.com/o/gpe1u4qc0qo?alt=media&token=71efb556-5a8c-4614-bd8c-c8a23e04b9d5',5,92,190,_binary ''),(243,'Chuột đẹp xài ổn, giá tốt!','2023-11-13 14:59:35.368000','',5,103,192,_binary ''),(246,'Sản phẩm đúng vớ mô tả!','2023-11-13 15:02:09.416000','https://firebasestorage.googleapis.com/v0/b/graduation-f97dc.appspot.com/o/kkr8lthvuno?alt=media&token=8ac8113d-0f3a-4b24-90bd-08a2d53c0fc6',4,68,192,_binary ''),(305,'Điện thoại rẻ xài tốt!','2023-11-16 15:56:00.127000','https://firebasestorage.googleapis.com/v0/b/graduation-f97dc.appspot.com/o/ejq799nrt7g?alt=media&token=9a608e85-a562-49e5-b0b7-7021a70302fc',5,265,285,_binary ''),(306,'Điện thoài rẻ xài tốt!','2023-11-16 15:56:27.883000','https://firebasestorage.googleapis.com/v0/b/graduation-f97dc.appspot.com/o/0i2v1t5acrg?alt=media&token=5514e21a-7e3e-49e6-8f47-a7c75a480dc8',5,253,285,_binary ''),(307,'Điện thoài xài ổn vừa túi tiền!','2023-11-16 15:57:02.278000','https://firebasestorage.googleapis.com/v0/b/graduation-f97dc.appspot.com/o/q0v4rtviepg?alt=media&token=ab8de2e7-2047-4fe0-85d7-409d5d9e9b8f',5,247,285,_binary ''),(308,'Điện thoại quá đẹp!','2023-11-16 16:02:10.172000','https://firebasestorage.googleapis.com/v0/b/graduation-f97dc.appspot.com/o/fkvf1255e78?alt=media&token=5b6618b9-5167-47cb-b39d-41e661b9716b',5,261,293,_binary ''),(309,'Điện thoại đẹp cầm vừa tay!','2023-11-16 16:02:40.011000','https://firebasestorage.googleapis.com/v0/b/graduation-f97dc.appspot.com/o/m08u3td96dg?alt=media&token=fe3d8f3c-c45b-435d-b941-19ce12c1ad39',5,218,293,_binary ''),(310,'Điện thoại đẹp xài tốt!','2023-11-16 16:03:08.234000','https://firebasestorage.googleapis.com/v0/b/graduation-f97dc.appspot.com/o/oja349jh63?alt=media&token=9861adab-3da8-42ae-bac6-77f40cf1deb1',5,257,293,_binary ''),(311,'Điện thoại mạnh chụp hình đẹp!','2023-11-16 16:03:41.357000','https://firebasestorage.googleapis.com/v0/b/graduation-f97dc.appspot.com/o/aghc7sltlpg?alt=media&token=8c6570e6-4766-4ebb-8363-cee2710d50a1',5,210,293,_binary ''),(312,'Điện thoại đẹp chụp hình nét!','2023-11-16 16:04:10.174000','https://firebasestorage.googleapis.com/v0/b/graduation-f97dc.appspot.com/o/phloafb5fho?alt=media&token=9ddc152f-2e69-4d97-ab0f-7820de3e4447',5,214,293,_binary ''),(417,'Chuột xài tốt','2023-11-21 16:27:30.139000','https://firebasestorage.googleapis.com/v0/b/graduation-f97dc.appspot.com/o/kavm8ii41e?alt=media&token=69ecb05c-0d97-44ae-8a95-7162e99e6fd7',5,339,313,_binary ''),(483,'Sản phẩm đẹp dùng tốt!','2023-11-29 17:03:42.340000','',5,351,473,_binary ''),(484,'Sản phẩm đẹp đáng tiền mua!','2023-11-29 17:03:55.951000','',5,355,473,_binary ''),(485,'Laptop chơi game ngon!','2023-11-29 17:04:08.352000','',5,331,473,_binary ''),(486,'Điện thoại đẹp xài tốt!','2023-11-29 23:01:25.074000','',5,210,146,_binary ''),(487,'Điện thoại đẹp xài tốt!','2023-11-29 23:01:26.068000','',5,210,146,_binary ''),(488,'Điện thoại đẹp xài tốt!','2023-11-29 23:01:30.565000','',5,210,146,_binary ''),(489,'Điện thoại đẹp xài tốt!','2023-11-29 23:02:34.914000','',5,210,146,_binary ''),(490,'Điện thoại đẹp xài tốt!','2023-11-29 23:04:14.658000','',5,210,146,_binary ''),(521,'Điện thoại xài tốt hợp lí về giá cả','2023-12-08 16:02:22.430000','https://firebasestorage.googleapis.com/v0/b/graduation-f97dc.appspot.com/o/pg3iebm5htg?alt=media&token=9c71e7ff-6e2f-4bff-afbc-da6a630c7c47',4,327,146,_binary '\0'),(526,'Sản phẩm ngon bổ rẻ!','2023-12-10 16:16:28.421000','https://firebasestorage.googleapis.com/v0/b/graduation-f97dc.appspot.com/o/rkt3nls7pl?alt=media&token=19b0708a-81aa-43cc-9eb3-8ce86a5f3765',5,274,192,_binary ''),(536,'san pham tot','2023-12-10 17:29:34.713000','https://firebasestorage.googleapis.com/v0/b/graduation-f97dc.appspot.com/o/agjt7eh4vio?alt=media&token=14c446ec-fd13-4a76-977b-382181396ff8',5,182,192,_binary ''),(550,'Sản phẩm đẹp quá!','2023-12-12 19:20:24.219000','https://firebasestorage.googleapis.com/v0/b/graduation-f97dc.appspot.com/o/dkldacbll3?alt=media&token=9ae6f069-e7b8-40fb-b65d-fa0a95d5210d',5,186,473,_binary ''),(565,'san pham tot','2023-12-14 15:10:49.084000','https://firebasestorage.googleapis.com/v0/b/graduation-f97dc.appspot.com/o/v9cqdtcp4a?alt=media&token=2d4f56e1-7864-4185-a3e3-9b3275f4cede',5,547,146,_binary ''),(621,'demo','2023-12-19 21:45:38.337000','',4,339,473,_binary ''),(626,'','2023-12-20 07:39:07.604000','',4,339,473,_binary '\0'),(637,'san pham dep qua','2023-12-20 09:59:28.814000','https://firebasestorage.googleapis.com/v0/b/graduation-f97dc.appspot.com/o/b9jtl18436o?alt=media&token=6056e111-1a54-4aee-9bf7-5909673da739',5,545,473,_binary ''),(641,'demo','2023-12-20 10:22:07.639000','https://firebasestorage.googleapis.com/v0/b/graduation-f97dc.appspot.com/o/h16aa81arfg?alt=media&token=bbc36e26-3f19-4496-85b7-9826eb837932',4,545,473,_binary ''),(642,'demo 1','2023-12-20 10:22:32.188000','https://firebasestorage.googleapis.com/v0/b/graduation-f97dc.appspot.com/o/mqith5h3mb8?alt=media&token=eac53328-2630-4d3e-b8fc-578e175571cd',3,545,473,_binary '\0'),(671,'Sản phẩm đẹp quá','2024-01-05 15:52:55.807000','https://firebasestorage.googleapis.com/v0/b/graduation-f97dc.appspot.com/o/lnnrhctln68?alt=media&token=84fe183c-aaa0-4e2c-b2f0-c1ccf07d4dcf',5,351,473,_binary '');
/*!40000 ALTER TABLE `review` ENABLE KEYS */;
UNLOCK TABLES;

--
-- Table structure for table `role`
--

DROP TABLE IF EXISTS `role`;
/*!40101 SET @saved_cs_client     = @@character_set_client */;
/*!50503 SET character_set_client = utf8mb4 */;
CREATE TABLE `role` (
  `role_id` bigint NOT NULL,
  `role_name` varchar(255) DEFAULT NULL,
  PRIMARY KEY (`role_id`)
) ENGINE=InnoDB DEFAULT CHARSET=utf8mb4 COLLATE=utf8mb4_0900_ai_ci;
/*!40101 SET character_set_client = @saved_cs_client */;

--
-- Dumping data for table `role`
--

LOCK TABLES `role` WRITE;
/*!40000 ALTER TABLE `role` DISABLE KEYS */;
INSERT INTO `role` VALUES (1,'Admin'),(2,'User'),(3,'Shipper');
/*!40000 ALTER TABLE `role` ENABLE KEYS */;
UNLOCK TABLES;

--
-- Table structure for table `shipper`
--

DROP TABLE IF EXISTS `shipper`;
/*!40101 SET @saved_cs_client     = @@character_set_client */;
/*!50503 SET character_set_client = utf8mb4 */;
CREATE TABLE `shipper` (
  `ship_id` bigint NOT NULL,
  `order_order_id` bigint DEFAULT NULL,
  `user_userid` bigint DEFAULT NULL,
  PRIMARY KEY (`ship_id`),
  KEY `FKb7x8udtwawamlotnj4cd7k2vi` (`user_userid`),
  KEY `FKh2ji1g4gbbu88l9gsn3snif7s` (`order_order_id`),
  CONSTRAINT `FKb7x8udtwawamlotnj4cd7k2vi` FOREIGN KEY (`user_userid`) REFERENCES `user` (`userid`),
  CONSTRAINT `FKh2ji1g4gbbu88l9gsn3snif7s` FOREIGN KEY (`order_order_id`) REFERENCES `orders` (`order_id`)
) ENGINE=InnoDB DEFAULT CHARSET=utf8mb4 COLLATE=utf8mb4_0900_ai_ci;
/*!40101 SET character_set_client = @saved_cs_client */;

--
-- Dumping data for table `shipper`
--

LOCK TABLES `shipper` WRITE;
/*!40000 ALTER TABLE `shipper` DISABLE KEYS */;
INSERT INTO `shipper` VALUES (386,382,174),(387,375,384),(393,391,384),(403,399,174),(416,412,174),(425,421,174),(427,424,174),(437,434,384),(446,443,384),(455,452,174),(462,461,384),(468,467,384),(472,470,384),(482,479,174),(495,494,174),(503,501,174),(509,507,174),(520,519,174),(525,524,384),(535,533,174),(564,562,174),(581,579,174),(590,585,174),(636,634,174),(651,647,384),(652,512,384);
/*!40000 ALTER TABLE `shipper` ENABLE KEYS */;
UNLOCK TABLES;

--
-- Table structure for table `smart_phone`
--

DROP TABLE IF EXISTS `smart_phone`;
/*!40101 SET @saved_cs_client     = @@character_set_client */;
/*!50503 SET character_set_client = utf8mb4 */;
CREATE TABLE `smart_phone` (
  `smart_id` bigint NOT NULL,
  `after_camera` varchar(255) DEFAULT NULL,
  `before_camera` varchar(255) DEFAULT NULL,
  `chip` varchar(255) DEFAULT NULL,
  `operating_system` varchar(255) DEFAULT NULL,
  `pin` varchar(255) DEFAULT NULL,
  `ram` varchar(255) DEFAULT NULL,
  `screen` varchar(255) DEFAULT NULL,
  `sim` varchar(255) DEFAULT NULL,
  `storage` varchar(255) DEFAULT NULL,
  PRIMARY KEY (`smart_id`),
  CONSTRAINT `FK4iqmj32uhfu9i0wc64afaasu9` FOREIGN KEY (`smart_id`) REFERENCES `product` (`p_id`)
) ENGINE=InnoDB DEFAULT CHARSET=utf8mb4 COLLATE=utf8mb4_0900_ai_ci;
/*!40101 SET character_set_client = @saved_cs_client */;

--
-- Dumping data for table `smart_phone`
--

LOCK TABLES `smart_phone` WRITE;
/*!40000 ALTER TABLE `smart_phone` DISABLE KEYS */;
INSERT INTO `smart_phone` VALUES (88,'Chính 48 MP & Phụ 12 MP, 12 MP','12 MP','Apple A17 Pro 6 nhân','iOS 17','4422 mAh, 20 W','8 GB','OLED, 6.7\", Super Retina XDR','1 Nano SIM & 1 eSIM, Hỗ trợ 5G','256 GB'),(92,'Chính 48 MP & Phụ 12 MP','12 MP','Apple A16 Bionic','iOS 17','4383 mAh20 W','6 GB','OLED, 6.7\", Super Retina XDR','1 Nano SIM & 1 eSIM, Hỗ trợ 5G','128 GB'),(210,'Chính 48 MP & Phụ 12 MP, 12 MP','12 MP','Apple A16 Bionic','iOS 16','4323 mAh20 W','6 GB','OLED6.7\"Super Retina XDR','1 Nano SIM & 1 eSIMHỗ trợ 5G','128 GB'),(214,' Chính 48 MP & Phụ 12 MP, 12 MP','12 MP','Apple A16 Bionic','iOS 16','3200 mAh20 W','6 GB','OLED6.1\"Super Retina XDR','1 Nano SIM & 1 eSIMHỗ trợ 5G','128 GB'),(218,'2 camera 12 MP','12 MP','Apple A15 Bionic','iOS 16','3279 mAh,20 W','6 GB','OLED,6.1,\"Super Retina XDR','1 Nano SIM & 1 eSIMHỗ trợ 5G','128 GB'),(247,'Chính 12 MP & Phụ 12 MP, 8 MP','12 MP','Snapdragon 865','Android 12','4500 mAh25 W','8 GB','Super AMOLED6.5\"Full HD+','2 Nano SIM (SIM 2 chung khe thẻ nhớ)Hỗ trợ 4G','256 GB'),(253,'Chính 12 MP & Phụ 12 MP, 8 MP','12 MP','Exynos 2100','Android 12','4500 mAh25 W','6 GB','Dynamic AMOLED 2X6.4\"Full HD+','2 Nano SIMHỗ trợ 5G','128 GB'),(257,'Chính 200 MP & Phụ 12 MP, 10 MP, 10 MP','12 MP','Snapdragon 8 Gen 2 8 nhân','Android 13','5000 mAh45 W','8 GB','Dynamic AMOLED 2X6.8\"Quad HD+ (2K+)','2 Nano SIM hoặc 1 Nano SIM + 1 eSIMHỗ trợ 5G','256 GB'),(261,'Chính 50 MP & Phụ 8 MP','8 MP','MediaTek Dimensity 9000+ 8 nhân','Android 13','4300 mAh44 W','8 GB','AMOLED, Chính 6.8\" & Phụ 3.26\", Full HD+','2 Nano SIM, Hỗ trợ 5G','256 GB'),(265,'Chính 64 MP & Phụ 32 MP, 8 MP','8 MP','MediaTek Dimensity 7050 5G 8 nhân','Android 13','5000 mAh67 W','8 GB','AMOLED, 6.7\", Full HD+','2 Nano SIM (SIM 2 chung khe thẻ nhớ), Hỗ trợ 5G','128 GB'),(323,'Chính 50 MP & Phụ 48 MP, 32 MP','32 MP','MediaTek Dimensity 9200 5G 8 nhân','Android 13','4300 mAh, 44 W','12 GB','AMOLED, Chính 6.8\" & Phụ 3.26\", Full HD+','2 Nano SIM, Hỗ trợ 5G','256 GB'),(327,'Chính 50 MP & Phụ 64 MP, 8 MP','8 MP','Snapdragon 8+ Gen 1','Android 13','4700 mAh, 100 W','12 GB','AMOLED, 6.7\", 1.5K+',' 2 Nano SIM, Hỗ trợ 5G','256 GB'),(351,'2 camera 12 MP','12 MP','Apple A15 Bionic','iOS 16','3240 mAh, 20 W','4 GB','OLED, 6.1\", Super Retina XDR','1 Nano SIM & 1 eSIMHỗ trợ 5G','128 GB'),(355,'2 camera 12 MP','12 MP','Apple A14 Bionic','iOS 16','2815 mAh20 W','4 GB','OLED, 6.1\", Super Retina XDR','1 Nano SIM & 1 eSIMHỗ trợ 5G','64 GB'),(538,'Chính 50 MP & Phụ 12 MP, 10 MP','12 MP','Snapdragon 8 Gen 2 for Galaxy','Android 13','4700 mAh, 45 W','8 GB','Dynamic AMOLED 2X, 6.6\", Full HD+','2 Nano SIM hoặc 1 Nano SIM + 1 eSIM, Hỗ trợ 5G','256 GB'),(540,'Chính 50 MP & Phụ 12 MP, 10 MP','10 MP & 4 MP','Snapdragon 8+ Gen 1','Android 12','4400 mAh, 25 W','12 GB','Dynamic AMOLED 2X, Chính 7.6\" & Phụ 6.2\", Quad HD+ (2K+)','1 Nano SIM & 1 eSIM, Hỗ trợ 5G','256 GB'),(546,'Chính 48 MP & Phụ 12 MP','6 GB','Apple A16 Bionic','iOS 17','3349 mAh, 20 W','6 GB','OLED, 6.1\", Super Retina XDRR','1 Nano SIM & 1 eSIM, Hỗ trợ 5G','128 GB'),(547,'Chính 48 MP & Phụ 12 MP, 12 MP','8 GB','Apple A17 Pro 6 nhân','iOS 17','3274 mAh, 20 W','8 GB','OLED, 6.1\", Super Retina XDR','1 Nano SIM & 1 eSIM, Hỗ trợ 5G','128 GB');
/*!40000 ALTER TABLE `smart_phone` ENABLE KEYS */;
UNLOCK TABLES;

--
-- Table structure for table `user`
--

DROP TABLE IF EXISTS `user`;
/*!40101 SET @saved_cs_client     = @@character_set_client */;
/*!50503 SET character_set_client = utf8mb4 */;
CREATE TABLE `user` (
  `userid` bigint NOT NULL,
  `address` varchar(255) DEFAULT NULL,
  `avatar` varchar(255) DEFAULT NULL,
  `email` varchar(255) DEFAULT NULL,
  `enabled` bit(1) NOT NULL,
  `password` varchar(255) DEFAULT NULL,
  `phone` varchar(255) DEFAULT NULL,
  `username` varchar(255) DEFAULT NULL,
  `full_name` varchar(255) DEFAULT NULL,
  `reset_password_token` varchar(255) DEFAULT NULL,
  PRIMARY KEY (`userid`)
) ENGINE=InnoDB DEFAULT CHARSET=utf8mb4 COLLATE=utf8mb4_0900_ai_ci;
/*!40101 SET character_set_client = @saved_cs_client */;

--
-- Dumping data for table `user`
--

LOCK TABLES `user` WRITE;
/*!40000 ALTER TABLE `user` DISABLE KEYS */;
INSERT INTO `user` VALUES (28,'da nang',NULL,'email',_binary '','$2a$10$Am006q3lG9Ty.Xy/0Br0ZO4OeUBb4r/Ba1NOGHJ9EzcbciU33cPii','0123123123','hanh88','Nguyễn Văn Hạnh',NULL),(36,'da nang','https://firebasestorage.googleapis.com/v0/b/graduation-f97dc.appspot.com/o/ha7h2hemik?alt=media&token=4c2a55b9-c642-4417-bd03-4eb58aba6a34','nguyenvanhanh06082@gmail.com',_binary '','$2a$10$Repc4Fgf/aVTFPnyfCKp5uOgqaHxH.S1/HL1HBfYtD/AVESQZWmtm','0905853259','test','Demo123',NULL),(72,'da nang','https://firebasestorage.googleapis.com/v0/b/graduation-f97dc.appspot.com/o/uoo19e9sj4?alt=media&token=205c8cf2-cb55-4a48-83dc-c19458d53185','nguyenvanhanh686820@gmail.com',_binary '','$2a$10$D2TqKMYcP66704xYjzMeeeUg4HkTN3a4DA3N24Cnb1i2vAhoyAlaC','0123123123','hanh68','HanhNV',NULL),(146,'120 Sông Cầu, Phú Yên','https://firebasestorage.googleapis.com/v0/b/graduation-f97dc.appspot.com/o/efpc0ulh14g?alt=media&token=8fceb39c-1cca-41f7-9994-546ccdb3c116','ngocth4@fpt.com',_binary '','$2a$10$M9tai05VqcNp43K026/Zuuf9tERp7Zio.l6Z7xsHKZim4D/gINtoK','0868935312','ngocth4','Trần Hồng Ngọc',NULL),(168,'203 Phù Đỗng, Điện Bàn','https://udayananetworking.unud.ac.id/assets/frontend/images/user-m.png','haidinh@gmail.com',_binary '','$2a$10$GmkdIlqbP7CGBY51Q34I4OK3Cr5Ow2chyAMF9svwoQJ.Khc/UoLim','0325698569','haidinh','Đinh Thanh Hải',NULL),(174,'da nang','https://firebasestorage.googleapis.com/v0/b/graduation-f97dc.appspot.com/o/sm757jf2418?alt=media&token=64286d62-d176-49d6-ae69-74e77c4202d8','shippercosy123@gmail.com',_binary '','$2a$10$O6rX.k9S7rFrBojSMEmmbOrhFMw70zjZiDjMQBBrCjhDe4ZAmlWmq','0869935243','shipper','Võ Văn Tiến',NULL),(190,'130 Phan Đăng Lưu, Khuê Trung','https://udayananetworking.unud.ac.id/assets/frontend/images/user-m.png','vanhuy@gmail.com',_binary '','$2a$10$MfKBBEne2jpH6LYjFYUTueBu8KcwZsKoxElvEu3/oOXjv4Ge3V9k.','0908525236','vanhuy','Lê Văn Huy',NULL),(192,'10 Phạm Hùng, Cẩm Lệ','https://udayananetworking.unud.ac.id/assets/frontend/images/user-m.png','dacquang@gmail.com',_binary '','$2a$10$bcAXxjf14WnSJkJMkpiTCumndxmiMVgS2Neq3RAswYlC7eMOm7VGS','0369854721','dacquang','Trần Đắc Quang',NULL),(285,'dien ban, quan nam','https://udayananetworking.unud.ac.id/assets/frontend/images/user-m.png','thanhhai@gmail.com',_binary '','$2a$10$DfY7GmjBxuFT5GJtJoLsN.BMk7th6XgSgLywonxfZBuA4jQN7f2oa','0905853259','thanhhai','Đinh Thanh Hải',NULL),(293,'120 Tế Hanh','https://udayananetworking.unud.ac.id/assets/frontend/images/user-m.png','bginhyen@gmail.com',_binary '','$2a$10$rMqHVyNcsKD7TB9ZGDNjK.X43B/2BEHf5ztIv5YAJXohOv3BE1X76','0687956325','binhyen','Bình Yên',NULL),(313,'Phú Yên','https://udayananetworking.unud.ac.id/assets/frontend/images/user-m.png','ngocth34@gmail.com',_binary '','$2a$10$E9xlkfMEvOlAZ8.59zXvguXV8CufiHlKxsF1oB8DxFDESg0sO/bAK','0869935347','nhimap','Trần Hồng Nhi',NULL),(359,'40 Hàm Nghi, Đà Nẵng','https://udayananetworking.unud.ac.id/assets/frontend/images/user-m.png','minhthanh@gmail.com',_binary '','$2a$10$yKN0lkJx0PFzC7c0GeA6ZO2zAgf7OKWAFKe3jOI9qA.vwfz70MCoC','0905839248','minhthanh','Nguyễn Minh Thành',NULL),(384,'da nang',NULL,'shipper123@gmail.com',_binary '','$2a$10$FleTYkFG0Uly.4nlnzOF2ed5bGobl1s3Gd/M.HHFrdm3g9tLSAI8y','0312458965','shipper2','Lê Văn Minh',NULL),(428,'90 Lê Đại Hành, Cẩm Lệ','https://udayananetworking.unud.ac.id/assets/frontend/images/user-m.png','namnguyen@gmail.com',_binary '','$2a$10$tJnGDsAXxBYxcQBKOlXTneSnfABh/FrjZ77vwGJcO1Ciq6hJJxqdG','1234567890','namnguyen','Nguyễn Văn Nam',NULL),(457,'390 Nguyễn Văn Thoại, Đà Nẵng','https://udayananetworking.unud.ac.id/assets/frontend/images/user-m.png','vanhung@gmail.com',_binary '','$2a$10$MgPCrgKnKI9elCiEz25nUusS7Q0hAH.Fkd/q3ubuMPmR7r0ml/A4G','0123456789','vanhung','Lê Văn Hùng',NULL),(473,'120 Tế Hanh, Cẩm Lệ, Đà Nẵng','https://firebasestorage.googleapis.com/v0/b/graduation-f97dc.appspot.com/o/7hvq1581ot?alt=media&token=e9de3e78-24e7-4708-acad-2a8323225dd7','nguyenvanhanhadc1@gmail.com',_binary '','$2a$10$QI/NlQuV2t1cKoQqGrc9t.o7zRHNQSYseX2VTJwA//6knmk1q39qq','0765387956','vanhanh','Nguyễn Văn Hạnh',NULL);
/*!40000 ALTER TABLE `user` ENABLE KEYS */;
UNLOCK TABLES;

--
-- Table structure for table `user_role`
--

DROP TABLE IF EXISTS `user_role`;
/*!40101 SET @saved_cs_client     = @@character_set_client */;
/*!50503 SET character_set_client = utf8mb4 */;
CREATE TABLE `user_role` (
  `user_role_id` bigint NOT NULL,
  `role_role_id` bigint DEFAULT NULL,
  `user_userid` bigint DEFAULT NULL,
  PRIMARY KEY (`user_role_id`),
  KEY `FKotxvofgf4qtsunbe0i3vhady6` (`role_role_id`),
  KEY `FK93uaglqbn26j2kag2ue8k93ug` (`user_userid`),
  CONSTRAINT `FK93uaglqbn26j2kag2ue8k93ug` FOREIGN KEY (`user_userid`) REFERENCES `user` (`userid`),
  CONSTRAINT `FKotxvofgf4qtsunbe0i3vhady6` FOREIGN KEY (`role_role_id`) REFERENCES `role` (`role_id`)
) ENGINE=InnoDB DEFAULT CHARSET=utf8mb4 COLLATE=utf8mb4_0900_ai_ci;
/*!40101 SET character_set_client = @saved_cs_client */;

--
-- Dumping data for table `user_role`
--

LOCK TABLES `user_role` WRITE;
/*!40000 ALTER TABLE `user_role` DISABLE KEYS */;
INSERT INTO `user_role` VALUES (29,2,28),(34,1,28),(37,2,36),(73,1,72),(147,2,146),(169,2,168),(175,3,174),(191,2,190),(193,2,192),(286,2,285),(294,2,293),(314,2,313),(360,2,359),(385,3,384),(429,2,428),(458,2,457),(474,2,473);
/*!40000 ALTER TABLE `user_role` ENABLE KEYS */;
UNLOCK TABLES;
/*!40103 SET TIME_ZONE=@OLD_TIME_ZONE */;

/*!40101 SET SQL_MODE=@OLD_SQL_MODE */;
/*!40014 SET FOREIGN_KEY_CHECKS=@OLD_FOREIGN_KEY_CHECKS */;
/*!40014 SET UNIQUE_CHECKS=@OLD_UNIQUE_CHECKS */;
/*!40101 SET CHARACTER_SET_CLIENT=@OLD_CHARACTER_SET_CLIENT */;
/*!40101 SET CHARACTER_SET_RESULTS=@OLD_CHARACTER_SET_RESULTS */;
/*!40101 SET COLLATION_CONNECTION=@OLD_COLLATION_CONNECTION */;
/*!40111 SET SQL_NOTES=@OLD_SQL_NOTES */;

-- Dump completed on 2024-01-17 16:27:37
